"keyword"	"group"
"REST"	"Backend Engineer stack"
"API"	"Backend Engineer stack"
"FastAPI"	"Backend Engineer stack"
"NestJS"	"Backend Engineer stack"
"REST API"	"Backend Engineer stack"
"Rest Assured"	"Backend Engineer stack"
".NET"	"Backend Engineer stack"
"GraphQL"	"Backend Engineer stack"
"Java"	"Backend Engineer stack"
"NodeJS"	"Backend Engineer stack"
"Python"	"Backend Engineer stack"
"REST APIs"	"Backend Engineer stack"
"RESTful API"	"Backend Engineer stack"
"WebAPI"	"Backend Engineer stack"
".NET 8"	"Backend Engineer stack"
".NET Core"	"Backend Engineer stack"
".NET Framework"	"Backend Engineer stack"
"API Gateway"	"Backend Engineer stack"
"API Management"	"Backend Engineer stack"
"APIs"	"Backend Engineer stack"
"ASP.NET"	"Backend Engineer stack"
"ASP.NET Core"	"Backend Engineer stack"
"C#"	"Backend Engineer stack"
"Django"	"Backend Engineer stack"
"Flask"	"Backend Engineer stack"
"gRPC"	"Backend Engineer stack"
"Node.js"	"Backend Engineer stack"
"OpenAPI"	"Backend Engineer stack"
"PrestaShop"	"Backend Engineer stack"
"ReadyAPI"	"Backend Engineer stack"
"RestAPI"	"Backend Engineer stack"
"RESTful"	"Backend Engineer stack"
"SOAP API"	"Backend Engineer stack"
"Spring"	"Backend Engineer stack"
"Spring Boot"	"Backend Engineer stack"
"Spring Cloud"	"Backend Engineer stack"
"Spring Framework"	"Backend Engineer stack"
"Spring WebFlux"	"Backend Engineer stack"
"SpringBoot"	"Backend Engineer stack"
"STRAPI"	"Backend Engineer stack"
"VB.NET"	"Backend Engineer stack"
".NET 10 SDK"	"Backend Engineer stack"
".NET 6/8"	"Backend Engineer stack"
".NET 8+"	"Backend Engineer stack"
".NET 9"	"Backend Engineer stack"
".NET 9/10"	"Backend Engineer stack"
".NET API/MVC"	"Backend Engineer stack"
".NET MAUI"	"Backend Engineer stack"
"API (REST/SOAP"	"Backend Engineer stack"
"API connector security"	"Backend Engineer stack"
"API Platform"	"Backend Engineer stack"
"API REST"	"Backend Engineer stack"
"API test automation"	"Backend Engineer stack"
"API testing"	"Backend Engineer stack"
"Apigee"	"Backend Engineer stack"
"ApigeeX"	"Backend Engineer stack"
"AppSync GraphQL"	"Backend Engineer stack"
"ASP.NET Core MVC"	"Backend Engineer stack"
"ASP.NET Core Web API"	"Backend Engineer stack"
"ASP.NET Core/MVC"	"Backend Engineer stack"
"ASP.NET MVC"	"Backend Engineer stack"
"ASP.NET Web API"	"Backend Engineer stack"
"ASP.NET Web Forms"	"Backend Engineer stack"
"AsyncAPI"	"Backend Engineer stack"
"AWS API Gateway"	"Backend Engineer stack"
"Azure API Management"	"Backend Engineer stack"
"Backend"	"Backend Engineer stack"
"BAPI"	"Backend Engineer stack"
"C#.NET"	"Backend Engineer stack"
"design and development of web applications in Java"	"Backend Engineer stack"
"Graph API"	"Backend Engineer stack"
"hapi"	"Backend Engineer stack"
"IPython/Jupyter"	"Backend Engineer stack"
"Java (17+"	"Backend Engineer stack"
"Java 17+"	"Backend Engineer stack"
"Java 21"	"Backend Engineer stack"
"Java 8/17"	"Backend Engineer stack"
"Java EE"	"Backend Engineer stack"
"Java Generics"	"Backend Engineer stack"
"Java Native Access/Java Native Interface"	"Backend Engineer stack"
"Java Swing/Java FX"	"Backend Engineer stack"
"Java21"	"Backend Engineer stack"
"JavaServer Pages"	"Backend Engineer stack"
"JMS API"	"Backend Engineer stack"
"Microsoft Graph API"	"Backend Engineer stack"
"MVC.NET"	"Backend Engineer stack"
"OpenAPI/Swagger"	"Backend Engineer stack"
"or CREST"	"Backend Engineer stack"
"Pre-Trade Connectivity (Java SPI"	"Backend Engineer stack"
"Presta"	"Backend Engineer stack"
"Presto"	"Backend Engineer stack"
"Python - Pandas"	"Backend Engineer stack"
"RapidMiner"	"Backend Engineer stack"
"REST / GraphQL"	"Backend Engineer stack"
"REST API JIRA"	"Backend Engineer stack"
"REST services"	"Backend Engineer stack"
"REST-based backends"	"Backend Engineer stack"
"RestAssured"	"Backend Engineer stack"
"RESTful APIs"	"Backend Engineer stack"
"RestSharp"	"Backend Engineer stack"
"RxJava"	"Backend Engineer stack"
"SAP BAPI"	"Backend Engineer stack"
"Spring / Spring Boot"	"Backend Engineer stack"
"Spring Batch"	"Backend Engineer stack"
"Spring Cloud Stream"	"Backend Engineer stack"
"Spring Data"	"Backend Engineer stack"
"Spring Data JPA"	"Backend Engineer stack"
"Spring Framework 4"	"Backend Engineer stack"
"Spring Integration"	"Backend Engineer stack"
"Spring MVC"	"Backend Engineer stack"
"Spring Security"	"Backend Engineer stack"
"Spring Test"	"Backend Engineer stack"
"Spring/ Spring Boot"	"Backend Engineer stack"
"Spring/SpringBoot"	"Backend Engineer stack"
"SpringData/Hibernate/JPA"	"Backend Engineer stack"
"SuiteTalk SOAP & REST"	"Backend Engineer stack"
"Swagger/OpenAPI"	"Backend Engineer stack"
"testowanie API"	"Backend Engineer stack"
"TMF Open API"	"Backend Engineer stack"
"UI & API automation frameworks"	"Backend Engineer stack"
"VisualStudio (C#"	"Backend Engineer stack"
"WebAPI/REST"	"Backend Engineer stack"
"Wiz API"	"Backend Engineer stack"
"AirFlow"	"Data Engineer / BI"
"DataBricks"	"Data Engineer / BI"
"DBT"	"Data Engineer / BI"
"Oracle APEX"	"Data Engineer / BI"
"Snowflake"	"Data Engineer / BI"
"Spark"	"Data Engineer / BI"
"BigQuery"	"Data Engineer / BI"
"NoSQL"	"Data Engineer / BI"
"PostgreSQL"	"Data Engineer / BI"
"SQLAlchemy"	"Data Engineer / BI"
"T-SQL"	"Data Engineer / BI"
"Apache Airflow"	"Data Engineer / BI"
"Apache Kafka"	"Data Engineer / BI"
"Apache Spark"	"Data Engineer / BI"
"Google BigQuery"	"Data Engineer / BI"
"Hadoop"	"Data Engineer / BI"
"Kafka"	"Data Engineer / BI"
"Microsoft SQL Server"	"Data Engineer / BI"
"MongoDB"	"Data Engineer / BI"
"MS SQL"	"Data Engineer / BI"
"MySQL"	"Data Engineer / BI"
"Oracle"	"Data Engineer / BI"
"Oracle Application Express"	"Data Engineer / BI"
"Oracle Databases"	"Data Engineer / BI"
"PL/pgSQL"	"Data Engineer / BI"
"PL/SQL"	"Data Engineer / BI"
"PySpark"	"Data Engineer / BI"
"Redis"	"Data Engineer / BI"
"Snowflake Data Cloud"	"Data Engineer / BI"
"Spark ML"	"Data Engineer / BI"
"SQL"	"Data Engineer / BI"
"SQL Server"	"Data Engineer / BI"
"SQLite"	"Data Engineer / BI"
"Apache Hadoop"	"Data Engineer / BI"
"Apache Hadoop ecosystem"	"Data Engineer / BI"
"Apache Kafka i"	"Data Engineer / BI"
"Apache Spark (PySpark"	"Data Engineer / BI"
"Cloud SQL"	"Data Engineer / BI"
"Cloudera Hadoop stack"	"Data Engineer / BI"
"Databricks Apps"	"Data Engineer / BI"
"dbt cloud"	"Data Engineer / BI"
"Debezium / Kafka"	"Data Engineer / BI"
"Distributed SQL"	"Data Engineer / BI"
"EBA Oracle"	"Data Engineer / BI"
"Hive SQL"	"Data Engineer / BI"
"Kafka/RabbiyMQ"	"Data Engineer / BI"
"Microsoft SQL-Server"	"Data Engineer / BI"
"MS SQL Management Studio"	"Data Engineer / BI"
"MS SQL Serve"	"Data Engineer / BI"
"MS SQL Server"	"Data Engineer / BI"
"MS SQL Server and NoSQL storages like Elastic Search"	"Data Engineer / BI"
"MS-SQL"	"Data Engineer / BI"
"MSSQL"	"Data Engineer / BI"
"MSSQL Server"	"Data Engineer / BI"
"MySQL / PostgreSQL"	"Data Engineer / BI"
"MySQL 8"	"Data Engineer / BI"
"MySQL/MariaDB"	"Data Engineer / BI"
"MySQL/PostgreSQL"	"Data Engineer / BI"
"NonSQL DB"	"Data Engineer / BI"
"Oracle Analytics Server"	"Data Engineer / BI"
"Oracle Analytics Server (OAS"	"Data Engineer / BI"
"Oracle Application Express (APEX"	"Data Engineer / BI"
"Oracle Applications"	"Data Engineer / BI"
"Oracle ASCP"	"Data Engineer / BI"
"Oracle Business Intelligence"	"Data Engineer / BI"
"Oracle Business Intelligence (OBIEE"	"Data Engineer / BI"
"Oracle Cloud"	"Data Engineer / BI"
"Oracle Data Base (DB"	"Data Engineer / BI"
"Oracle Data Integrato"	"Data Engineer / BI"
"Oracle Data Integrator"	"Data Engineer / BI"
"Oracle Data Integrator (ODI"	"Data Engineer / BI"
"Oracle Database"	"Data Engineer / BI"
"Oracle DB"	"Data Engineer / BI"
"Oracle Designer"	"Data Engineer / BI"
"Oracle E-Business Suite R12."	"Data Engineer / BI"
"Oracle Forms"	"Data Engineer / BI"
"Oracle GoldenGate"	"Data Engineer / BI"
"Oracle hcm"	"Data Engineer / BI"
"Oracle Service Bus"	"Data Engineer / BI"
"Oracle SOA"	"Data Engineer / BI"
"Oracle SOA Suite"	"Data Engineer / BI"
"Oracle Spatial"	"Data Engineer / BI"
"Oracle SQL"	"Data Engineer / BI"
"Oracle WebLogic"	"Data Engineer / BI"
"Oracle Weblogic Server"	"Data Engineer / BI"
"OracleDB"	"Data Engineer / BI"
"PL / SQL"	"Data Engineer / BI"
"PL/SQL Developer"	"Data Engineer / BI"
"PLSQL"	"Data Engineer / BI"
"Postgres"	"Data Engineer / BI"
"PostgreSQL lub MongoDB"	"Data Engineer / BI"
"PostgreSQL/PostGIS"	"Data Engineer / BI"
"Postgress"	"Data Engineer / BI"
"Qlik Compose / dbt / DWH"	"Data Engineer / BI"
"RabbitMQ / Kafka"	"Data Engineer / BI"
"Redis Cache"	"Data Engineer / BI"
"Redis. Memcached"	"Data Engineer / BI"
"serverless features w Databricks"	"Data Engineer / BI"
"Spark SQL"	"Data Engineer / BI"
"Spark/PySpark"	"Data Engineer / BI"
"SQL (MySQL/MariaDB i SQL Server"	"Data Engineer / BI"
"SQL (Oracle"	"Data Engineer / BI"
"SQL / Oracle"	"Data Engineer / BI"
"SQL Database"	"Data Engineer / BI"
"SQL Databases"	"Data Engineer / BI"
"SQL Oracle"	"Data Engineer / BI"
"SQL Server Agent"	"Data Engineer / BI"
"SQL SERVER ENTERPRISE"	"Data Engineer / BI"
"SQL Server Integration Services"	"Data Engineer / BI"
"SQL Server Intergation Services"	"Data Engineer / BI"
"SQL Server log"	"Data Engineer / BI"
"SQL Server Management Studio"	"Data Engineer / BI"
"SQL/Oracle"	"Data Engineer / BI"
"SQL/PostgreSQL"	"Data Engineer / BI"
"Sqlmap"	"Data Engineer / BI"
"T-SQL/PL-SQL"	"Data Engineer / BI"
"T-SQL/SSMS"	"Data Engineer / BI"
"Veeam/ Sql"	"Data Engineer / BI"
"Znajomoæ SQL"	"Data Engineer / BI"
"Github Actions"	"DevOps / Platform stack"
"NGINX"	"DevOps / Platform stack"
"AWS"	"DevOps / Platform stack"
"AWS Lambda"	"DevOps / Platform stack"
"Azure DevOps"	"DevOps / Platform stack"
"CI/CD"	"DevOps / Platform stack"
"GCP"	"DevOps / Platform stack"
"GitLab CI"	"DevOps / Platform stack"
"Helm"	"DevOps / Platform stack"
"Microsoft Azure"	"DevOps / Platform stack"
"Ansible"	"DevOps / Platform stack"
"Azure"	"DevOps / Platform stack"
"Azure Active Directory"	"DevOps / Platform stack"
"Azure AD"	"DevOps / Platform stack"
"Azure Cloud"	"DevOps / Platform stack"
"Azure Cosmos DB"	"DevOps / Platform stack"
"Azure Data Factory"	"DevOps / Platform stack"
"Azure Databricks"	"DevOps / Platform stack"
"Azure Functions"	"DevOps / Platform stack"
"Azure IaaS"	"DevOps / Platform stack"
"Azure Monitor"	"DevOps / Platform stack"
"Azure Pipelines"	"DevOps / Platform stack"
"Azure SQL"	"DevOps / Platform stack"
"Azure Synapse Analytics"	"DevOps / Platform stack"
"CICD"	"DevOps / Platform stack"
"Docker"	"DevOps / Platform stack"
"GitLab CI/CD"	"DevOps / Platform stack"
"Google Kubernetes Engine"	"DevOps / Platform stack"
"Grafana"	"DevOps / Platform stack"
"Jenkins"	"DevOps / Platform stack"
"Kali Linux"	"DevOps / Platform stack"
"Kubernetes"	"DevOps / Platform stack"
"Linux"	"DevOps / Platform stack"
"Prometheus"	"DevOps / Platform stack"
"Terraform"	"DevOps / Platform stack"
"Amazon Web Services (AWS"	"DevOps / Platform stack"
"Amazon Web Services or Microsoft Azure"	"DevOps / Platform stack"
"Ansible Automation Platform"	"DevOps / Platform stack"
"Ansible Automation Platform (AAP"	"DevOps / Platform stack"
"Apache Spark on Azure Databricks"	"DevOps / Platform stack"
"AWS (S3"	"DevOps / Platform stack"
"AWS CDK"	"DevOps / Platform stack"
"AWS EC2"	"DevOps / Platform stack"
"AWS EKS"	"DevOps / Platform stack"
"AWS IAM"	"DevOps / Platform stack"
"AWS MQ"	"DevOps / Platform stack"
"AWS SageMaker"	"DevOps / Platform stack"
"AWS Security Tools"	"DevOps / Platform stack"
"AWS Serverless"	"DevOps / Platform stack"
"AWS Step Functions"	"DevOps / Platform stack"
"AWS/Azure"	"DevOps / Platform stack"
"AWS/Azure/GCP"	"DevOps / Platform stack"
"AWS: Lambda"	"DevOps / Platform stack"
"Azure - Identity & Access Management"	"DevOps / Platform stack"
"Azure AD / Microsoft Entra ID"	"DevOps / Platform stack"
"Azure AD B2C"	"DevOps / Platform stack"
"Azure ADF"	"DevOps / Platform stack"
"Azure AI Foundry"	"DevOps / Platform stack"
"Azure AI Search"	"DevOps / Platform stack"
"Azure Backup"	"DevOps / Platform stack"
"Azure Backups"	"DevOps / Platform stack"
"Azure Bicep"	"DevOps / Platform stack"
"Azure Blob Storage"	"DevOps / Platform stack"
"Azure CLI"	"DevOps / Platform stack"
"Azure Container Apps"	"DevOps / Platform stack"
"Azure Data"	"DevOps / Platform stack"
"Azure Data Explorer"	"DevOps / Platform stack"
"Azure Data Lake"	"DevOps / Platform stack"
"Azure Data Stack"	"DevOps / Platform stack"
"Azure Databricks Service"	"DevOps / Platform stack"
"Azure DevOps and fully automated CI/CD pipelines with Databricks Asset Bundles"	"DevOps / Platform stack"
"Azure DevOps Test Plans"	"DevOps / Platform stack"
"Azure DWH"	"DevOps / Platform stack"
"Azure Entra ID"	"DevOps / Platform stack"
"Azure Event Hub"	"DevOps / Platform stack"
"Azure Event Hubs"	"DevOps / Platform stack"
"Azure Fabric"	"DevOps / Platform stack"
"Azure Firewall"	"DevOps / Platform stack"
"Azure Function"	"DevOps / Platform stack"
"Azure IoT Hub"	"DevOps / Platform stack"
"Azure Kubernetes Service"	"DevOps / Platform stack"
"Azure Lighthouse"	"DevOps / Platform stack"
"Azure Logic Apps"	"DevOps / Platform stack"
"Azure Machine Learning"	"DevOps / Platform stack"
"Azure Machine Learning Studio"	"DevOps / Platform stack"
"Azure ML"	"DevOps / Platform stack"
"Azure OpenAI"	"DevOps / Platform stack"
"Azure PaaS"	"DevOps / Platform stack"
"Azure Platform"	"DevOps / Platform stack"
"Azure Portal"	"DevOps / Platform stack"
"Azure Purview"	"DevOps / Platform stack"
"Azure Service Bus"	"DevOps / Platform stack"
"Azure Site Recovery"	"DevOps / Platform stack"
"Azure Speech Services"	"DevOps / Platform stack"
"Azure SQL Database"	"DevOps / Platform stack"
"Azure Storage"	"DevOps / Platform stack"
"Azure Stream Analytics"	"DevOps / Platform stack"
"Azure Virtual Desktop"	"DevOps / Platform stack"
"Azure vWAN"	"DevOps / Platform stack"
"Azure/ AWS"	"DevOps / Platform stack"
"AzureAI"	"DevOps / Platform stack"
"AzureDevops"	"DevOps / Platform stack"
"AzureML"	"DevOps / Platform stack"
"Chmura Azure"	"DevOps / Platform stack"
"Chmura: AWS lub Azure"	"DevOps / Platform stack"
"CI/CD pipelines"	"DevOps / Platform stack"
"CI/CD Security"	"DevOps / Platform stack"
"CI/CD Tools"	"DevOps / Platform stack"
"Cloud (Azure"	"DevOps / Platform stack"
"Cloud (GCP / Azure / AWS"	"DevOps / Platform stack"
"Docker / Kubernetes"	"DevOps / Platform stack"
"Docker Compose"	"DevOps / Platform stack"
"Docker containers"	"DevOps / Platform stack"
"Docker/K8s/Nomad"	"DevOps / Platform stack"
"Docker/Kubernetes"	"DevOps / Platform stack"
"embedded Linux"	"DevOps / Platform stack"
"GCP / Openshift"	"DevOps / Platform stack"
"GCP Big Query"	"DevOps / Platform stack"
"GCP BigQuery"	"DevOps / Platform stack"
"Grafana Loki"	"DevOps / Platform stack"
"Helm charts"	"DevOps / Platform stack"
"Jenkins/GitHub Actions/GitLab"	"DevOps / Platform stack"
"Jenkins/Github/Nexus"	"DevOps / Platform stack"
"Kubernetes (K8S"	"DevOps / Platform stack"
"Kubernetes Operators"	"DevOps / Platform stack"
"Landing zone GCP"	"DevOps / Platform stack"
"Linux (Debian"	"DevOps / Platform stack"
"Linux (RHEL / Oracle Linux"	"DevOps / Platform stack"
"Linux Enterprise"	"DevOps / Platform stack"
"Linux IPCs"	"DevOps / Platform stack"
"Linux kernel"	"DevOps / Platform stack"
"Linux-based frameworks"	"DevOps / Platform stack"
"Linux/Unix environment"	"DevOps / Platform stack"
"Linux/Windows"	"DevOps / Platform stack"
"Linuxm"	"DevOps / Platform stack"
"Microsoft Azure Cloud"	"DevOps / Platform stack"
"Microsoft Azure Environment"	"DevOps / Platform stack"
"MS Azure"	"DevOps / Platform stack"
"MS Azure DevOps"	"DevOps / Platform stack"
"OpenPrometheus"	"DevOps / Platform stack"
"Rancher/Kubernetes"	"DevOps / Platform stack"
"SQS AWS Lambda"	"DevOps / Platform stack"
"Unix / Linux"	"DevOps / Platform stack"
"Unix/Linux"	"DevOps / Platform stack"
"Vanilla Kubernetes"	"DevOps / Platform stack"
"JavaScript"	"Frontend Engineer stack"
"React"	"Frontend Engineer stack"
"RxJS"	"Frontend Engineer stack"
"CSS"	"Frontend Engineer stack"
"Redux"	"Frontend Engineer stack"
"Frontend"	"Frontend Engineer stack"
"HTML"	"Frontend Engineer stack"
"TypeScript"	"Frontend Engineer stack"
"webpack"	"Frontend Engineer stack"
"Angular"	"Frontend Engineer stack"
"Angular.js"	"Frontend Engineer stack"
"CSS3"	"Frontend Engineer stack"
"React Native"	"Frontend Engineer stack"
"React Native (Expo"	"Frontend Engineer stack"
"React Testing Library"	"Frontend Engineer stack"
"React.js"	"Frontend Engineer stack"
"ReactJS"	"Frontend Engineer stack"
"SCSS"	"Frontend Engineer stack"
"Tailwind CSS"	"Frontend Engineer stack"
"TailwindCSS"	"Frontend Engineer stack"
"Vue"	"Frontend Engineer stack"
"Vue.js"	"Frontend Engineer stack"
"Angular 15"	"Frontend Engineer stack"
"Angular 8+"	"Frontend Engineer stack"
"Angular CDK"	"Frontend Engineer stack"
"Angular Material"	"Frontend Engineer stack"
"AngularJS"	"Frontend Engineer stack"
"CSS / SASS"	"Frontend Engineer stack"
"CSS/SCSS"	"Frontend Engineer stack"
"HTML 5"	"Frontend Engineer stack"
"HTML/CSS"	"Frontend Engineer stack"
"HTML5"	"Frontend Engineer stack"
"HTML5 / CSS3"	"Frontend Engineer stack"
"JavaScript (ES5+"	"Frontend Engineer stack"
"JavaScript/TypeScript"	"Frontend Engineer stack"
"JavaScriptt"	"Frontend Engineer stack"
"NgRx/Flux/Redux"	"Frontend Engineer stack"
"Python or Typescript or C#"	"Frontend Engineer stack"
"React hook form"	"Frontend Engineer stack"
"React Hooks"	"Frontend Engineer stack"
"React Query"	"Frontend Engineer stack"
"React Router"	"Frontend Engineer stack"
"ReactFlow"	"Frontend Engineer stack"
"TypeScript/JavaScript"	"Frontend Engineer stack"
"VanillaJS/React"	"Frontend Engineer stack"
"Vue.js/Nuxt"	"Frontend Engineer stack"
"Vuetify"	"Frontend Engineer stack"
"XHTML"	"Frontend Engineer stack"
"znajomoæ JavaScript"	"Frontend Engineer stack"
"LangChain"	"ML / AI"
"AI Search"	"ML / AI"
"MLflow"	"ML / AI"
"PyTorch"	"ML / AI"
"scikit-learn"	"ML / AI"
"Tailwind"	"ML / AI"
"TensorFlow"	"ML / AI"
"Testcontainers"	"ML / AI"
"YAML"	"ML / AI"
"Agentic AI"	"ML / AI"
"AI"	"ML / AI"
"AI Agents"	"ML / AI"
"AI Solutions"	"ML / AI"
"AI tools"	"ML / AI"
"AI/ML"	"ML / AI"
"AIX"	"ML / AI"
"Biblioteki ML"	"ML / AI"
"Computer Vision"	"ML / AI"
"Container Apps"	"ML / AI"
"containerization"	"ML / AI"
"Gen AI"	"ML / AI"
"GenAI"	"ML / AI"
"Generative AI"	"ML / AI"
"Keras"	"ML / AI"
"LlamaIndex"	"ML / AI"
"ML"	"ML / AI"
"MLOps"	"ML / AI"
"NLP"	"ML / AI"
"OpenAI"	"ML / AI"
"OpenCV"	"ML / AI"
"Ruby on Rails"	"ML / AI"
"SailPoint"	"ML / AI"
"SAML"	"ML / AI"
"TestRail"	"ML / AI"
"UML"	"ML / AI"
"XML"	"ML / AI"
"AI / LLM"	"ML / AI"
"AI Center"	"ML / AI"
"AI Governance"	"ML / AI"
"AI technologies for process automation"	"ML / AI"
"AI/ML in ERP"	"ML / AI"
"Aircrack-ng"	"ML / AI"
"AirWatch"	"ML / AI"
"Akamai"	"ML / AI"
"Algorytmy ML"	"ML / AI"
"AML"	"ML / AI"
"AML / compliance domain"	"ML / AI"
"AML/KYC"	"ML / AI"
"banking domain"	"ML / AI"
"Cain & Abel"	"ML / AI"
"Campaign management tool"	"ML / AI"
"Campaign management tools"	"ML / AI"
"Campaigns"	"ML / AI"
"Claim Center"	"ML / AI"
"CMS Joomla"	"ML / AI"
"CognigyAI"	"ML / AI"
"ContainerApp"	"ML / AI"
"Content przez treæ AI"	"ML / AI"
"CrewAI"	"ML / AI"
"Dell AI Factory"	"ML / AI"
"Digital.ai"	"ML / AI"
"DomainTools"	"ML / AI"
"E-Mail Spam"	"ML / AI"
"EML"	"ML / AI"
"EntraID"	"ML / AI"
"Evidently AI"	"ML / AI"
"FileAid"	"ML / AI"
"Framework AI/ ML"	"ML / AI"
"GenerativeAI"	"ML / AI"
"GitHub Copilot/AI tools"	"ML / AI"
"GPU acceleration for AI"	"ML / AI"
"Guidewire ClaimCenter 10"	"ML / AI"
"IBM Mainframe"	"ML / AI"
"Joomla"	"ML / AI"
"Jotai"	"ML / AI"
"Kaizen"	"ML / AI"
"KYP.ai"	"ML / AI"
"LookML"	"ML / AI"
"Mail Security"	"ML / AI"
"ML automation"	"ML / AI"
"ML Studio"	"ML / AI"
"MLOps/LLMOps"	"ML / AI"
"Modele ML"	"ML / AI"
"narzêdzia AI"	"ML / AI"
"Narzêdzia AI do wspierania pracy projektanckiej"	"ML / AI"
"Now Assist GenAI"	"ML / AI"
"OAuth/SAML"	"ML / AI"
"Powertrain"	"ML / AI"
"protoko³y NTLM/Kerberos/SAML/OIDC/OAuth"	"ML / AI"
"PyTorch Lightning"	"ML / AI"
"QML"	"ML / AI"
"Qt/QML"	"ML / AI"
"Rails"	"ML / AI"
"Sailpoint IIQ"	"ML / AI"
"Samurai Web Testing Framework"	"ML / AI"
"SignaIR"	"ML / AI"
"Streamlit"	"ML / AI"
"substance painter"	"ML / AI"
"Tailscale"	"ML / AI"
"Torch/PyTorch"	"ML / AI"
"Tworzenie rozwi¹zañ automatyzacji bazuj¹cych na AI"	"ML / AI"
"Vertex AI"	"ML / AI"
"zainteresowanie marketingiem"	"ML / AI"
"Git"	"Other"
"JBoss"	"Other"
"PowerShell"	"Other"
"APEX"	"Other"
"ArchiMate"	"Other"
"Atlassian"	"Other"
"Bash"	"Other"
"ElasticSearch"	"Other"
"GitHub"	"Other"
"Hyper-V"	"Other"
"IOS"	"Other"
"JQuery"	"Other"
"JSON"	"Other"
"MikroTik"	"Other"
"MuleSoft"	"Other"
"Pandas"	"Other"
"PRINCE2"	"Other"
"SoapUI"	"Other"
"Unix"	"Other"
"VMware"	"Other"
"WEBCON"	"Other"
"WebLogic"	"Other"
"Xray"	"Other"
"Adobe Illustrator"	"Other"
"Big Data"	"Other"
"Bitbucket"	"Other"
"Blazor"	"Other"
"Boost"	"Other"
"Bootstrap"	"Other"
"Camunda"	"Other"
"Cloud"	"Other"
"CMake"	"Other"
"Comarch"	"Other"
"Comarch ERP XL"	"Other"
"Commvault"	"Other"
"Copilot"	"Other"
"CrowdStrike"	"Other"
"Datadog"	"Other"
"DB2"	"Other"
"DevOps"	"Other"
"draw.io"	"Other"
"enova365"	"Other"
"ETL"	"Other"
"Express.js"	"Other"
"Fiori"	"Other"
"Fortigate"	"Other"
"Fortinet"	"Other"
"GitLab"	"Other"
"Go"	"Other"
"Golang"	"Other"
"Google Workspace"	"Other"
"Gosu"	"Other"
"Hotjar"	"Other"
"InfluxDB"	"Other"
"Intune"	"Other"
"k6"	"Other"
"K8s"	"Other"
"Kong"	"Other"
"LangGraph"	"Other"
"low-code"	"Other"
"MacOS"	"Other"
"MATLAB"	"Other"
"Microservices"	"Other"
"Microsoft 365"	"Other"
"Miro"	"Other"
"Neo4j"	"Other"
"Nest.js"	"Other"
"Next.js"	"Other"
"NgRx"	"Other"
"Nmap"	"Other"
"NumPy"	"Other"
"NUnit"	"Other"
"OpenStack"	"Other"
"Proxmox"	"Other"
"Pydantic"	"Other"
"Qt"	"Other"
"RabbitMQ"	"Other"
"SAFe"	"Other"
"SAP Analytics Cloud"	"Other"
"SAP Fiori"	"Other"
"Scala"	"Other"
"SharePoint"	"Other"
"SHell"	"Other"
"Shell scripting"	"Other"
"SIEM"	"Other"
"Slack"	"Other"
"SOAP"	"Other"
"SonarQube"	"Other"
"TalkBack"	"Other"
"TanStack Query"	"Other"
"Tosca"	"Other"
"UiPath"	"Other"
"Veeam"	"Other"
"VirusTotal"	"Other"
"Webcon BPS"	"Other"
"WebSphere"	"Other"
"Windows Server"	"Other"
"WordPress"	"Other"
"Xcode"	"Other"
"Yocto"	"Other"
"ABAP"	"Other"
"Acronis"	"Other"
"Action Center"	"Other"
"Active Directory"	"Other"
"ActiveMQ"	"Other"
"Adobe InDesign"	"Other"
"Adobe Lightroom"	"Other"
"Adobe Photoshop"	"Other"
"Adobe XD"	"Other"
"Alibaba Cloud"	"Other"
"Allure"	"Other"
"Amazon Web Services"	"Other"
"Amplitude"	"Other"
"AMQP"	"Other"
"Android"	"Other"
"Android Auto"	"Other"
"Android Automotive OS"	"Other"
"Android SDK"	"Other"
"Android Studio"	"Other"
"Apache"	"Other"
"Apache Beam"	"Other"
"Apache Camel"	"Other"
"Apache NiFi"	"Other"
"Apache Tomcat"	"Other"
"AppDynamics"	"Other"
"Appium"	"Other"
"ArgoCD"	"Other"
"ARM"	"Other"
"Artifactory"	"Other"
"Aruba"	"Other"
"Autocad"	"Other"
"Axure"	"Other"
"Bamboo"	"Other"
"Bankowoæ"	"Other"
"Bash Shell"	"Other"
"Batch"	"Other"
"bazy danych"	"Other"
"BDD"	"Other"
"BGP"	"Other"
"BI"	"Other"
"Bicep"	"Other"
"BIgData"	"Other"
"BLE"	"Other"
"Blender"	"Other"
"Blue Yonder ESP"	"Other"
"Blue Yonder SEQ"	"Other"
"BluePrism"	"Other"
"Boomi"	"Other"
"BrowserStack"	"Other"
"Buildroot"	"Other"
"Burp Suite"	"Other"
"C"	"Other"
"C++"	"Other"
"C/C++"	"Other"
"Canva"	"Other"
"CASE"	"Other"
"Cassandra"	"Other"
"CCTV"	"Other"
"CDK"	"Other"
"Celery"	"Other"
"Censys"	"Other"
"CentOS"	"Other"
"Ceph"	"Other"
"Certyfikat ISTQB"	"Other"
"ChatGPT"	"Other"
"Checkmarx"	"Other"
"Chef"	"Other"
"Chrome DevTools"	"Other"
"CISA"	"Other"
"Cisco"	"Other"
"CISM"	"Other"
"CISSP"	"Other"
"Claude"	"Other"
"Claude Code"	"Other"
"ClickHouse"	"Other"
"Cloud Storage"	"Other"
"Cloudera"	"Other"
"Cloudflare"	"Other"
"CloudFormation"	"Other"
"CloudFront"	"Other"
"CMDB"	"Other"
"CMS"	"Other"
"co najmniej podstawow¹ znajomoci¹ zasad konsolidacji sprawozdañ finansowych oraz MSSF"	"Other"
"COBOL"	"Other"
"CodeceptJS"	"Other"
"Composer"	"Other"
"Coroutines"	"Other"
"Cosmos DB"	"Other"
"Coupa"	"Other"
"Crystal Reports"	"Other"
"Cucumber"	"Other"
"Cucumber.js"	"Other"
"Cursor"	"Other"
"CybelAngel"	"Other"
"Dagger"	"Other"
"Dagster"	"Other"
"Dart"	"Other"
"Data Architecture"	"Other"
"Data Factory"	"Other"
"Data Lake"	"Other"
"data mesh"	"Other"
"Data Modelling"	"Other"
"Data Science"	"Other"
"Databases"	"Other"
"Delphi"	"Other"
"Delta Lake"	"Other"
"DevSecOps"	"Other"
"DLP"	"Other"
"DMA"	"Other"
"DNS"	"Other"
"Document Understanding"	"Other"
"DPDK"	"Other"
"Drupal"	"Other"
"DynamoDB"	"Other"
"Dynatrace"	"Other"
"EF Core"	"Other"
"Elasticache"	"Other"
"ELK"	"Other"
"ELK Stack"	"Other"
"Embedding"	"Other"
"EMR"	"Other"
"Enterprise Architect"	"Other"
"Entity Framework"	"Other"
"Entra ID"	"Other"
"ERP"	"Other"
"ESB"	"Other"
"Ethernet"	"Other"
"event-driven architecture"	"Other"
"Express"	"Other"
"Ferryt"	"Other"
"FHIR"	"Other"
"FigJam"	"Other"
"Figma"	"Other"
"File Systems"	"Other"
"Firebase"	"Other"
"Firebird"	"Other"
"Firewall"	"Other"
"Firmware"	"Other"
"Flink"	"Other"
"Flutter"	"Other"
"Flux"	"Other"
"Flux CD"	"Other"
"FreeRTOS"	"Other"
"Freshdesk"	"Other"
"Gatling"	"Other"
"Geopandas"	"Other"
"Gerrit"	"Other"
"Gherkin"	"Other"
"Ghidra"	"Other"
"GIS"	"Other"
"GitHub Copilot"	"Other"
"GitOps"	"Other"
"GoldenGate"	"Other"
"Google Ads"	"Other"
"Google Analytics"	"Other"
"Google Cloud Platform"	"Other"
"Google Tag Manager"	"Other"
"Gradle"	"Other"
"Graphana"	"Other"
"Groovy"	"Other"
"Group Policy"	"Other"
"HA/DR"	"Other"
"HAProxy"	"Other"
"Harbor"	"Other"
"HBase"	"Other"
"Hibernate"	"Other"
"Hilt"	"Other"
"Hive"	"Other"
"hurtownia danych"	"Other"
"I2C"	"Other"
"IaC"	"Other"
"IBM MQ"	"Other"
"IBM SCCD"	"Other"
"Iceberg"	"Other"
"IDoc"	"Other"
"IDS/IPS"	"Other"
"IIS"	"Other"
"Informatica PowerCenter"	"Other"
"IntelliJ"	"Other"
"IoT"	"Other"
"IPv6"	"Other"
"ISTQB"	"Other"
"ITBM"	"Other"
"ITIL"	"Other"
"ITOM"	"Other"
"ITSM"	"Other"
"J2EE"	"Other"
"Jasmine"	"Other"
"JBoss Application Ser"	"Other"
"JetPack Compose"	"Other"
"JPA"	"Other"
"JS"	"Other"
"JVM"	"Other"
"Kantar Xtel"	"Other"
"KDB"	"Other"
"Kibana"	"Other"
"Kinesis"	"Other"
"Kotlin"	"Other"
"Kotlin Multiplatform"	"Other"
"Kubeflow"	"Other"
"KVM"	"Other"
"Lambda"	"Other"
"LAN"	"Other"
"Laravel"	"Other"
"Laravel Filament 4+"	"Other"
"LDAP"	"Other"
"Less"	"Other"
"LIMS"	"Other"
"Liquibase"	"Other"
"LLM"	"Other"
"LLMs"	"Other"
"LoadRunner"	"Other"
"Locust"	"Other"
"Logstash"	"Other"
"Loki"	"Other"
"Looker"	"Other"
"M365"	"Other"
"Machine Learning"	"Other"
"Magento"	"Other"
"MariaDB"	"Other"
"Material Design"	"Other"
"Material UI"	"Other"
"matplotlib"	"Other"
"Maven"	"Other"
"MCSE"	"Other"
"MDX"	"Other"
"MES"	"Other"
"Meta Ads"	"Other"
"Metasploit"	"Other"
"Microsoft"	"Other"
"Microsoft Defender"	"Other"
"Microsoft Dynamics"	"Other"
"Microsoft Excel"	"Other"
"Microsoft Fabric"	"Other"
"Microsoft Office"	"Other"
"Microsoft Power BI"	"Other"
"Microsoft Sentinel"	"Other"
"Mikroserwisy"	"Other"
"Mimikatz"	"Other"
"MinIO"	"Other"
"MISP"	"Other"
"Mixpanel"	"Other"
"MobX"	"Other"
"Mockito"	"Other"
"Mockserver"	"Other"
"Modele uczenia g³êbokiego"	"Other"
"Mongo DB"	"Other"
"MQ"	"Other"
"MQTT"	"Other"
"MS DYNAMICS"	"Other"
"MS Office"	"Other"
"MS Visio"	"Other"
"Mule ESB"	"Other"
"Mural"	"Other"
"MyBatis"	"Other"
"Nagios"	"Other"
"Natural Language Processing"	"Other"
"Nessus"	"Other"
"Networking"	"Other"
"Nexus"	"Other"
"NiFi"	"Other"
"NIST"	"Other"
"Notion"	"Other"
"Objective-C"	"Other"
"OData"	"Other"
"Office 365"	"Other"
"Okta"	"Other"
"OneDrive"	"Other"
"OpenSearch"	"Other"
"OpenShift"	"Other"
"OSPF"	"Other"
"OutSystems"	"Other"
"PAM"	"Other"
"Parquet"	"Other"
"PEGA"	"Other"
"Pendo"	"Other"
"Perforce"	"Other"
"Perl"	"Other"
"PHP"	"Other"
"PHPStorm"	"Other"
"Pimcore"	"Other"
"Playwright"	"Other"
"Podman"	"Other"
"Poetry"	"Other"
"PostGIS"	"Other"
"Power Apps"	"Other"
"Power Automate"	"Other"
"Power BI"	"Other"
"Power Pivot"	"Other"
"Power Platform"	"Other"
"Power Query"	"Other"
"Power Shell"	"Other"
"PowerBI"	"Other"
"PowerPoint"	"Other"
"praktyka w negocjacjach handlowych"	"Other"
"Prefect"	"Other"
"Protobuf"	"Other"
"Pub/Sub"	"Other"
"Pulsar"	"Other"
"Pulumi"	"Other"
"Puppet"	"Other"
"PuTTY"	"Other"
"PWA"	"Other"
"PyCharm"	"Other"
"QGIS"	"Other"
"QlikSense"	"Other"
"QlikView"	"Other"
"R"	"Other"
"RAG"	"Other"
"RDBMS"	"Other"
"RDP"	"Other"
"RDS"	"Other"
"Recorded Future"	"Other"
"Red Hat"	"Other"
"RedHat"	"Other"
"RedMine"	"Other"
"RegEx"	"Other"
"Relational Databases"	"Other"
"Retrofit"	"Other"
"RFC"	"Other"
"Robot Framework"	"Other"
"Room"	"Other"
"ROS"	"Other"
"Routery"	"Other"
"Routing"	"Other"
"RPA"	"Other"
"Ruby"	"Other"
"Rust"	"Other"
"S/4HANA"	"Other"
"S3"	"Other"
"SaaS"	"Other"
"Salesforce"	"Other"
"SAP"	"Other"
"SAP ABAP"	"Other"
"SAP Authorizations management processes"	"Other"
"SAP Business Objects"	"Other"
"SAP BW"	"Other"
"SAP CO"	"Other"
"SAP DRC"	"Other"
"SAP ECC"	"Other"
"SAP ERP"	"Other"
"SAP FI"	"Other"
"SAP FI/CO"	"Other"
"SAP HANA"	"Other"
"SAP LE"	"Other"
"SAP MM"	"Other"
"SAP S/4HANA"	"Other"
"SAP SD"	"Other"
"SAP WM"	"Other"
"SAPUI5"	"Other"
"SAS"	"Other"
"SASS"	"Other"
"SEMrush"	"Other"
"Sentry"	"Other"
"Service Catalog"	"Other"
"ServiceNow"	"Other"
"SharePoint Online"	"Other"
"Shodan"	"Other"
"Shopify"	"Other"
"Simulink"	"Other"
"Single Sign-On"	"Other"
"Sketch"	"Other"
"SOA"	"Other"
"SOC"	"Other"
"Solace"	"Other"
"Sonar"	"Other"
"SOQL"	"Other"
"Sparx Enterprise Architect"	"Other"
"Specflow"	"Other"
"SPI"	"Other"
"Splunk"	"Other"
"Spock"	"Other"
"SQS"	"Other"
"SSH"	"Other"
"SSIS"	"Other"
"SSRS"	"Other"
"STL"	"Other"
"STM32"	"Other"
"Svelte"	"Other"
"SVG"	"Other"
"SVN"	"Other"
"Swagger"	"Other"
"Swift"	"Other"
"SwiftUI"	"Other"
"Switch"	"Other"
"Sybase"	"Other"
"Sylius"	"Other"
"Symfony"	"Other"
"Tableau"	"Other"
"Tabular Editor"	"Other"
"Talend"	"Other"
"TDD"	"Other"
"TeamCity"	"Other"
"Teams"	"Other"
"Teradata"	"Other"
"ThreatConnect"	"Other"
"Three.js"	"Other"
"TimescaleDB"	"Other"
"TOGAF"	"Other"
"Tomcat"	"Other"
"Transformers"	"Other"
"Trello"	"Other"
"UART"	"Other"
"Ubiquiti"	"Other"
"Ubuntu"	"Other"
"UniFlow"	"Other"
"Unity 3D"	"Other"
"Unity Catalog"	"Other"
"Unreal Engine"	"Other"
"URLScan.io"	"Other"
"UX/UI"	"Other"
"VBA"	"Other"
"Virtual Network"	"Other"
"Visio"	"Other"
"Visual Studio"	"Other"
"Visual Studio Code"	"Other"
"Visualfabriq"	"Other"
"Vite"	"Other"
"VLAN"	"Other"
"VoiceOver"	"Other"
"VoIP"	"Other"
"VS Code"	"Other"
"vSphere"	"Other"
"WAN"	"Other"
"Waterfall"	"Other"
"WCAG"	"Other"
"WCF"	"Other"
"Web Service"	"Other"
"Web Services"	"Other"
"WebDriver"	"Other"
"WebSocket"	"Other"
"Wi-Fi"	"Other"
"Windchill"	"Other"
"Windows"	"Other"
"Windows 10/11"	"Other"
"Windows PowerShell"	"Other"
"WinForms"	"Other"
"Wireshark"	"Other"
"WLAN"	"Other"
"Workflow"	"Other"
"WPF"	"Other"
"X++"	"Other"
"X-Ray"	"Other"
"XSD"	"Other"
"XSLT"	"Other"
"Xunit"	"Other"
"YARA"	"Other"
"Zabbix"	"Other"
"ZeroFox"	"Other"
"2. Databases and ORM"	"Other"
"21 CFR 11"	"Other"
"3GPP"	"Other"
"3GPP LTE/NR protocols"	"Other"
"5S"	"Other"
"`certyfikat TOGAF"	"Other"
"a"	"Other"
"a nie ekspercka znajomoæ wszystkiego"	"Other"
"Ab Initio"	"Other"
"ABAP ADT"	"Other"
"ABAP Objects"	"Other"
"ABAP OO"	"Other"
"ABAP/4"	"Other"
"aby w razie potrzeby"	"Other"
"ACA"	"Other"
"Access"	"Other"
"ACI Field Engineer"	"Other"
"ACL"	"Other"
"Action1"	"Other"
"Active Directory (AD"	"Other"
"Active Directory + GPO"	"Other"
"ActiveCollab"	"Other"
"ADB"	"Other"
"ADLS Gen2"	"Other"
"Adobe"	"Other"
"Adobe Analytics"	"Other"
"Adobe CC"	"Other"
"Adobe Commerce"	"Other"
"Adobe Creative Suite"	"Other"
"Adobe Experience Manager"	"Other"
"Adobe Experience Manager (AEM"	"Other"
"Adobe Forms"	"Other"
"Adobe Illustrator / Photoshop"	"Other"
"Adobe Premiere"	"Other"
"AdobeForms"	"Other"
"Adonis"	"Other"
"AdTech"	"Other"
"Adyen"	"Other"
"Aeron"	"Other"
"Aerospike"	"Other"
"AES"	"Other"
"Affinity Designer"	"Other"
"Affinity Photo"	"Other"
"After Effects"	"Other"
"Agentforce"	"Other"
"Agentic Architectures"	"Other"
"Aglie"	"Other"
"Agno"	"Other"
"Ahrefs"	"Other"
"AJAX"	"Other"
"Akeneo"	"Other"
"Akita"	"Other"
"Akka"	"Other"
"AKS"	"Other"
"Alerta"	"Other"
"Alfresco"	"Other"
"Algorytmy uczenia maszynowego"	"Other"
"Alibaba"	"Other"
"AlloyDB"	"Other"
"ALM Toolkit"	"Other"
"Altium Designer"	"Other"
"ALV"	"Other"
"Always On"	"Other"
"Amazon Aurora"	"Other"
"Amazon Bedrock"	"Other"
"Amazon SageMaker"	"Other"
"Amazon)"	"Other"
"AMS"	"Other"
"Analiza biznesowa"	"Other"
"analiza systemowa"	"Other"
"Analog and RF measurement"	"Other"
"Analysis"	"Other"
"Analytics"	"Other"
"Anaplan"	"Other"
"Anchore"	"Other"
"Android Debug"	"Other"
"Android Emulator"	"Other"
"Android Jetpack"	"Other"
"Android SDK Jetpack"	"Other"
"Android Views"	"Other"
"Angielski"	"Other"
"Ant"	"Other"
"Ant Design"	"Other"
"Anthos"	"Other"
"AnyDesk"	"Other"
"AOSP"	"Other"
"AP S 4/Hana FI"	"Other"
"Apache ActiveMQ"	"Other"
"Apache Commons"	"Other"
"Apache ECharts"	"Other"
"Apache Flink"	"Other"
"Apache Iceberg"	"Other"
"Apache Ignite"	"Other"
"Apache Maven"	"Other"
"Apache PULSAR"	"Other"
"Apache Sling"	"Other"
"Apache Superset"	"Other"
"Apache Web Server"	"Other"
"Aplikacje Web"	"Other"
"aplikacje webowe"	"Other"
"APO"	"Other"
"APO PP/DS"	"Other"
"Apollo"	"Other"
"App Center"	"Other"
"App Store Connect"	"Other"
"App-V"	"Other"
"Appian"	"Other"
"AppKit"	"Other"
"Application Gateway"	"Other"
"Application Insights"	"Other"
"Application inventory"	"Other"
"AppSync"	"Other"
"Apptio"	"Other"
"AQL"	"Other"
"ArcGIS"	"Other"
"ArcGIS Pro"	"Other"
"ArcGIS Server"	"Other"
"Architecture"	"Other"
"Architektura IT"	"Other"
"architektura mikroserwisowa"	"Other"
"Architektura MVC"	"Other"
"Architektura pluginowa"	"Other"
"Architektura sieci komórkowych"	"Other"
"ArcPy"	"Other"
"Argo"	"Other"
"Argo CD"	"Other"
"Ariba"	"Other"
"Aris"	"Other"
"Aris Architect"	"Other"
"Arista Networking"	"Other"
"ARM/Bicep"	"Other"
"Artifactory Xray"	"Other"
"Aruba WIF"	"Other"
"Arvo"	"Other"
"AS400"	"Other"
"Asana"	"Other"
"Assembla"	"Other"
"Assembly"	"Other"
"AssertJ"	"Other"
"Asynchronicity"	"Other"
"Athena"	"Other"
"Atlas"	"Other"
"Atlassian stack"	"Other"
"Attention t"	"Other"
"Attention to"	"Other"
"Audio"	"Other"
"Audit-ready documentation"	"Other"
"Audyt"	"Other"
"audyt bezpieczeñstwa"	"Other"
"Aurora"	"Other"
"Auth0"	"Other"
"authentication systems"	"Other"
"AutoGen"	"Other"
"Automate Now"	"Other"
"Automaten"	"Other"
"AutomatenNow"	"Other"
"AutomateNow"	"Other"
"Automation Anywhere"	"Other"
"Automic"	"Other"
"automotive"	"Other"
"AUTOSAR"	"Other"
"Autosys"	"Other"
"Autotools"	"Other"
"AV"	"Other"
"Avalog"	"Other"
"Avalonia"	"Other"
"Avamar"	"Other"
"Avaya"	"Other"
"Aviation"	"Other"
"AVRO"	"Other"
"AWC"	"Other"
"AWR"	"Other"
"AWT"	"Other"
"Axence"	"Other"
"AZ-104"	"Other"
"AZ-305"	"Other"
"AZ-400"	"Other"
"AZ-700"	"Other"
"b"	"Other"
"Babel"	"Other"
"Back-end"	"Other"
"Backbone.js"	"Other"
"Backlog management"	"Other"
"Backstage"	"Other"
"BACKSTAGE.IO"	"Other"
"Backup"	"Other"
"BADI"	"Other"
"BADIs"	"Other"
"Balsamiq"	"Other"
"Baramundi"	"Other"
"Bardzo dobra znajomoæ MS Office (Excel"	"Other"
"Bardzo dobra znajomoæ polskich przepisów ksiêgowych i podatkowych"	"Other"
"Bardzo dobre zdolnoci organizacyjne i komunikacyjne"	"Other"
"Barracuda"	"Other"
"Basecamp"	"Other"
"Basel"	"Other"
"Baselinker"	"Other"
"Bash/Shell"	"Other"
"Bash/Unix"	"Other"
"Bazel"	"Other"
"BCBS239"	"Other"
"bccm"	"Other"
"BeEF"	"Other"
"BERT"	"Other"
"Bezpieczeñstwo i architektura systemów"	"Other"
"BI Publisher"	"Other"
"BIB"	"Other"
"Biceps"	"Other"
"Big Query"	"Other"
"BigPicture"	"Other"
"Bill of Materials"	"Other"
"BIM"	"Other"
"Bitbacket"	"Other"
"Bitrix24"	"Other"
"Bizagi"	"Other"
"BlackLine"	"Other"
"Blazent"	"Other"
"Blender 3D"	"Other"
"BLoC"	"Other"
"BloodHound"	"Other"
"Blue Prism"	"Other"
"Bluecat"	"Other"
"Blueprints"	"Other"
"Bluetooth Low Energy"	"Other"
"BMC Helix"	"Other"
"BMC Helix platform"	"Other"
"BMC Remedy"	"Other"
"BMPN"	"Other"
"BMS"	"Other"
"BOM Management"	"Other"
"Bonds"	"Other"
"Bootloader"	"Other"
"Botify"	"Other"
"brak"	"Other"
"Branch office Network"	"Other"
"BRICS"	"Other"
"Broadcom"	"Other"
"Brocade"	"Other"
"Bruno"	"Other"
"BSP"	"Other"
"BTP"	"Other"
"Burp suit"	"Other"
"Business Analyses"	"Other"
"Business Analysis"	"Other"
"business analyst"	"Other"
"Business Architecture"	"Other"
"Business Central"	"Other"
"C++ 11/14"	"Other"
"C/AL"	"Other"
"C4"	"Other"
"CAD"	"Other"
"CakePHP"	"Other"
"CALM"	"Other"
"Calypso"	"Other"
"Camel"	"Other"
"CameraX"	"Other"
"Camunda Modeler"	"Other"
"camunda7"	"Other"
"camunda8"	"Other"
"CAN"	"Other"
"Canvas"	"Other"
"Capacitor"	"Other"
"CCNA"	"Other"
"CCNP"	"Other"
"CCNP Data Center"	"Other"
"CCPA"	"Other"
"CCSDS"	"Other"
"CCSK"	"Other"
"CCSP"	"Other"
"CDA"	"Other"
"CDC"	"Other"
"CDC / Data Replication"	"Other"
"CDS"	"Other"
"CDS Views"	"Other"
"Cechuje siê analitycznym sposobem mylenia"	"Other"
"CEH"	"Other"
"Celonis"	"Other"
"centralny system kopii zapasowych i odtwarzania"	"Other"
"Centreon"	"Other"
"Certyfikaty OpenText / Documentum"	"Other"
"Certyfikaty SAP S/4HANA"	"Other"
"Cesium"	"Other"
"CFT"	"Other"
"Change Framework"	"Other"
"Change Management"	"Other"
"character creator 4"	"Other"
"Charles"	"Other"
"ChaRM"	"Other"
"Chart.js"	"Other"
"Check Point"	"Other"
"Checkmate"	"Other"
"CheckMK"	"Other"
"Chmura Google"	"Other"
"Chroma"	"Other"
"CI"	"Other"
"CICS"	"Other"
"CICS/MQ"	"Other"
"Cisco ACI infrastructure"	"Other"
"Cisco Catalyst"	"Other"
"Cisco Duo"	"Other"
"Cisco ISE"	"Other"
"Cisco MDS SAN"	"Other"
"Cisco Meraki"	"Other"
"Cisco Nexus Dashboard"	"Other"
"Citrix"	"Other"
"Citrix / Netscaler"	"Other"
"Citrix Certified Professional or Expert  Virtualization"	"Other"
"Citrix Client"	"Other"
"Citrix Cloud"	"Other"
"Citrix Cloud Certified (CC-VAD-CC"	"Other"
"Citrix DaaS"	"Other"
"Citrix Director"	"Other"
"Citrix NetScaler"	"Other"
"Citrix policies"	"Other"
"Citrix Studio"	"Other"
"Citrix Virtual Apps and Desktops"	"Other"
"Citrix WEM"	"Other"
"Citus"	"Other"
"Classic ASP"	"Other"
"Classification"	"Other"
"Clean Architecture"	"Other"
"Clean Code"	"Other"
"clean room solutions"	"Other"
"CLI"	"Other"
"ClickUp"	"Other"
"ClickUP/ backlog"	"Other"
"Closing Cockpit"	"Other"
"Cloud Composer"	"Other"
"Cloud Computing"	"Other"
"Cloud Dataflow"	"Other"
"Cloud Dataproc"	"Other"
"Cloud Foundry"	"Other"
"Cloud Functions"	"Other"
"Cloud Identity Providers"	"Other"
"cloud infrastructure deployments"	"Other"
"Cloud Integration"	"Other"
"Cloud KMS"	"Other"
"Cloud Meraki"	"Other"
"Cloud Run"	"Other"
"cloud watch"	"Other"
"CloudGenix"	"Other"
"CloudOps"	"Other"
"CloudWatch"	"Other"
"CMS Magnolia"	"Other"
"CO"	"Other"
"Codebeamer"	"Other"
"CodeIgniter"	"Other"
"Coderabbit"	"Other"
"Cognitive Services"	"Other"
"Cognito"	"Other"
"Collibra"	"Other"
"Columnstore Indexes"	"Other"
"COM/COM+"	"Other"
"Comach Optima"	"Other"
"Comarch ERP"	"Other"
"Comarch ERP Optima"	"Other"
"Comarch XL"	"Other"
"Comarch XL lub Optima"	"Other"
"Comarche"	"Other"
"Combine"	"Other"
"Compass"	"Other"
"Compiler"	"Other"
"compose"	"Other"
"Compose MultiPlatform"	"Other"
"Concourse"	"Other"
"Console NPS"	"Other"
"Consul"	"Other"
"Contact Center"	"Other"
"Contact Manager"	"Other"
"Context Engineering"	"Other"
"Continuous Integration"	"Other"
"Control-M"	"Other"
"Core"	"Other"
"Core Connectors"	"Other"
"Core Impact"	"Other"
"Corel"	"Other"
"corel draw"	"Other"
"Couchbase"	"Other"
"CPI"	"Other"
"CPU"	"Other"
"CQRS"	"Other"
"CRAMM"	"Other"
"Crashlytics"	"Other"
"Creo"	"Other"
"CRM"	"Other"
"CRM platforms"	"Other"
"CRTO"	"Other"
"CSDM"	"Other"
"CSiRT"	"Other"
"CSM"	"Other"
"CSV"	"Other"
"CTRLM"	"Other"
"CubeIDE"	"Other"
"Cubesat"	"Other"
"CUDA"	"Other"
"CUDNN"	"Other"
"cUrl"	"Other"
"CyberArk"	"Other"
"Cyberbezpieczeñstwo"	"Other"
"Cypher"	"Other"
"Cypres"	"Other"
"Czujniki przeciwpo¿arowe"	"Other"
"D3"	"Other"
"D3.js"	"Other"
"Danis"	"Other"
"Dapper"	"Other"
"DAPR"	"Other"
"Data analyses"	"Other"
"Data Analysis"	"Other"
"Data and process modeling tools"	"Other"
"Data Binding"	"Other"
"Data Center Infrastructure"	"Other"
"Data Center Nexus infra"	"Other"
"Data Contracts"	"Other"
"Data Distribution Service"	"Other"
"data engineering"	"Other"
"Data Flow"	"Other"
"Data Governance"	"Other"
"Data Integration"	"Other"
"Data Lake Architecture"	"Other"
"Data Lake Gen2"	"Other"
"DATA LAKES"	"Other"
"Data lineage"	"Other"
"Data Loader"	"Other"
"Data Loss Prevention"	"Other"
"data modeling"	"Other"
"Data Platforms"	"Other"
"data privacy"	"Other"
"Data Quality"	"Other"
"Data Valut"	"Other"
"Data Vault"	"Other"
"Data verse"	"Other"
"data visualization"	"Other"
"Data Warehouse"	"Other"
"Data+"	"Other"
"Dataflow"	"Other"
"Dataform"	"Other"
"DataLayer"	"Other"
"Dataproc"	"Other"
"Datasphere"	"Other"
"DataStage"	"Other"
"Datastore"	"Other"
"Datastream"	"Other"
"Dataverse"	"Other"
"DatoCMS"	"Other"
"DAX"	"Other"
"DAX Studio"	"Other"
"DBATools"	"Other"
"DBMS_ASSERT"	"Other"
"DDD"	"Other"
"DDS"	"Other"
"Debezium"	"Other"
"Debian"	"Other"
"Decision Support"	"Other"
"Deep Learning"	"Other"
"Deepcrawl"	"Other"
"Defender for Endpoint"	"Other"
"Delinea"	"Other"
"Dell"	"Other"
"DELL EMC PowerMax"	"Other"
"Delphi7"	"Other"
"Delta"	"Other"
"Demand Planning"	"Other"
"Demandware Script"	"Other"
"Demantra"	"Other"
"Derivatives"	"Other"
"Design Thinking"	"Other"
"Detectron"	"Other"
"Detektory"	"Other"
"Devexpress"	"Other"
"DevOps / GitOps"	"Other"
"DevTools"	"Other"
"DEX Pack"	"Other"
"DHCP"	"Other"
"DI Studio"	"Other"
"DialofFlow CX"	"Other"
"DICOM"	"Other"
"Dify"	"Other"
"Digital Signage"	"Other"
"Discovery"	"Other"
"Disruptor"	"Other"
"DMN"	"Other"
"DNP3"	"Other"
"dobra znajomoæ pakietu MS Office oraz AutoCad"	"Other"
"DOCERK"	"Other"
"Doctrine DBAL"	"Other"
"Doctrine ORM"	"Other"
"Document Management"	"Other"
"DocuShare"	"Other"
"dokumentacji projektowej"	"Other"
"Dok³adno"	"Other"
"dok³adnoæ"	"Other"
"Dok³adnoæ i odpowiedzialnoæ"	"Other"
"Domino"	"Other"
"DORA"	"Other"
"dowiadczenie w pracy w biurze rachunkowym (czyli multitasking level hard"	"Other"
"Dowiadczenie w realizacji projektów z obszaru bankowoci mobilnej"	"Other"
"DP-300"	"Other"
"DPA"	"Other"
"Driud"	"Other"
"Drools"	"Other"
"DRP"	"Other"
"DRS"	"Other"
"DTB"	"Other"
"DuckDB"	"Other"
"DVC"	"Other"
"DWH"	"Other"
"Dynamics 365"	"Other"
"Dynamics 365 F&O"	"Other"
"Dynamics 365 FnO"	"Other"
"Dynamics 365 Sales"	"Other"
"Dynamics AX"	"Other"
"Dynamics CRM"	"Other"
"Dynamics D365"	"Other"
"dystrybutorzy"	"Other"
"e-Commerce lub projektach sprzeda¿owych"	"Other"
"E-commerce system"	"Other"
"e-mobility"	"Other"
"e.g"	"Other"
"E2E"	"Other"
"EA Architect"	"Other"
"Eagle"	"Other"
"eazyBI"	"Other"
"EBIOS"	"Other"
"EC2"	"Other"
"ECAD"	"Other"
"Echo"	"Other"
"Eclipse"	"Other"
"ECS"	"Other"
"EDB"	"Other"
"EDI"	"Other"
"EDICOM e-Invoicing"	"Other"
"EDR"	"Other"
"EDR/XDR"	"Other"
"EF"	"Other"
"EG"	"Other"
"EGS-CC"	"Other"
"EJB"	"Other"
"Ekahau"	"Other"
"EKS"	"Other"
"Elastic"	"Other"
"Elastic Stack"	"Other"
"Elasticearch"	"Other"
"Elasticsearch (vector"	"Other"
"Elastiflow"	"Other"
"Elavon"	"Other"
"Elixir"	"Other"
"ELK/EFK"	"Other"
"Eloqua"	"Other"
"ELT"	"Other"
"embedded C/C++"	"Other"
"Embedded Systems"	"Other"
"Ember"	"Other"
"Endpoint Protection"	"Other"
"Energy Logserver"	"Other"
"English"	"Other"
"English - B2"	"Other"
"Enterprise Architekt"	"Other"
"Enterprise Content Management (ECM"	"Other"
"Enterprise Guide"	"Other"
"Enterprise monitoring tools"	"Other"
"Enterprise Technology Register / CMDB-related tools"	"Other"
"Entiti Framework"	"Other"
"Entra"	"Other"
"Entra AD"	"Other"
"Enzyme"	"Other"
"Equities"	"Other"
"ERP IFS"	"Other"
"ERP Impuls EVO"	"Other"
"ERP systems"	"Other"
"ERP XL"	"Other"
"Erwin"	"Other"
"ES6"	"Other"
"ESET"	"Other"
"ESET PROTECT"	"Other"
"ESP32"	"Other"
"ESP32 or STM32 or nRF"	"Other"
"ESX Server"	"Other"
"ETIM Mapper"	"Other"
"ETL Pipelines"	"Other"
"ETL/ELT"	"Other"
"ETM.next"	"Other"
"Ettercap"	"Other"
"EU Annex 11 compiance"	"Other"
"EuroElixir"	"Other"
"Event"	"Other"
"Event Hub"	"Other"
"Event Sourcing"	"Other"
"Event Storming"	"Other"
"Event-Driven Automation"	"Other"
"EVPN"	"Other"
"Excel"	"Other"
"Exchange"	"Other"
"Exchange Online"	"Other"
"Exchange Server"	"Other"
"Executive Communication"	"Other"
"Exim"	"Other"
"Eximee"	"Other"
"EXINO"	"Other"
"Express Elixir"	"Other"
"ExpressRoute"	"Other"
"Extreme Networks"	"Other"
"EZD"	"Other"
"EZD RP"	"Other"
"F5"	"Other"
"F5 BIG-IP"	"Other"
"Fabric"	"Other"
"Facebook Ads"	"Other"
"Falcon"	"Other"
"Fastify"	"Other"
"Fastly"	"Other"
"FCT"	"Other"
"Feature Store"	"Other"
"FI"	"Other"
"FICO"	"Other"
"Fiddler"	"Other"
"Field Service"	"Other"
"file shares"	"Other"
"Filebeat"	"Other"
"Finanse"	"Other"
"FinOps"	"Other"
"FinTech"	"Other"
"Firebas"	"Other"
"Firebase Analytics"	"Other"
"Firebase Crashlytics"	"Other"
"Firebase libs"	"Other"
"firewall klasy UTM"	"Other"
"firewall/NGFW"	"Other"
"firewalle"	"Other"
"Firewalls"	"Other"
"FitNesse"	"Other"
"Fivetran HVR"	"Other"
"FIX Dictionary"	"Other"
"FIX Protocol"	"Other"
"Flexera Data Platform"	"Other"
"Flexera Snow"	"Other"
"FlexeraOne"	"Other"
"Flexeras DataPlatform"	"Other"
"FlexNet Manager Suite"	"Other"
"FlexNetManagerSuite"	"Other"
"Flow"	"Other"
"Flow Designer"	"Other"
"Fluentd"	"Other"
"Flutter SDK"	"Other"
"FluxCD"	"Other"
"Flyway"	"Other"
"FMEA"	"Other"
"Forex"	"Other"
"ForgeRock"	"Other"
"Forms"	"Other"
"FortiAnalyzer"	"Other"
"Fortinet WIF"	"Other"
"FOSSA"	"Other"
"Framer Website Builder"	"Other"
"Framework"	"Other"
"Framework MVC"	"Other"
"framework webowy"	"Other"
"Framework Yii"	"Other"
"frameworki bezpieczeñstwa"	"Other"
"Front-End"	"Other"
"FSLogix"	"Other"
"FTP"	"Other"
"FTPS"	"Other"
"Fullstack"	"Other"
"FullStory"	"Other"
"Function Modules"	"Other"
"FX"	"Other"
"GA4"	"Other"
"Gantt"	"Other"
"Gateway"	"Other"
"Gazebo"	"Other"
"GCC"	"Other"
"GCD"	"Other"
"GDAL"	"Other"
"GDPR"	"Other"
"Gemini"	"Other"
"Genetec"	"Other"
"GeoServer"	"Other"
"German"	"Other"
"GHS"	"Other"
"Gigabit Ethernet"	"Other"
"Gimp"	"Other"
"Gin"	"Other"
"Git STL"	"Other"
"GIT  podstawowa znajomoæ systemu kontroli wersji"	"Other"
"GitFlow"	"Other"
"GitHub Action"	"Other"
"GitHub Enterprise"	"Other"
"GitHub VCS"	"Other"
"GitLabYoutrack"	"Other"
"GKE"	"Other"
"GlassFish"	"Other"
"Glue"	"Other"
"GMOB"	"Other"
"GMP"	"Other"
"GNSS"	"Other"
"GNU"	"Other"
"Google Ad Manager"	"Other"
"Google Analytic"	"Other"
"Google Analytics (GA4"	"Other"
"Google Analytics 4"	"Other"
"Google Big Query"	"Other"
"Google Cloud"	"Other"
"Google Cloud Storage"	"Other"
"Google Dataflow"	"Other"
"Google Guava"	"Other"
"Google Marketing Platform"	"Other"
"Google Pay SDK"	"Other"
"Google Play"	"Other"
"Google Play Developer Console"	"Other"
"Google Play SDK"	"Other"
"Google Protocol Buffers"	"Other"
"Google Search Console"	"Other"
"Google Sheets"	"Other"
"gotowoæ"	"Other"
"GPC"	"Other"
"GPEN"	"Other"
"GPFS"	"Other"
"GPO"	"Other"
"GPT"	"Other"
"Grafama"	"Other"
"GraffitiBuilder"	"Other"
"Grafy wiedzy / Neo4j"	"Other"
"Grape"	"Other"
"Graph Theory"	"Other"
"Graphic Design"	"Other"
"Gravitee"	"Other"
"Graylog"	"Other"
"GRC"	"Other"
"Great Expectations"	"Other"
"GreyNoise"	"Other"
"Groovy Script"	"Other"
"Gsap"	"Other"
"GSL"	"Other"
"GStreamer"	"Other"
"Guidewire"	"Other"
"Guidwire"	"Other"
"GWT"	"Other"
"GxP"	"Other"
"GXPN"	"Other"
"H323"	"Other"
"HA cluster"	"Other"
"HA Hyper-V"	"Other"
"HANA"	"Other"
"Handlebars"	"Other"
"Hanwha"	"Other"
"Hardware and cloud-native networking"	"Other"
"Hashicorp Vault"	"Other"
"HCI"	"Other"
"HDFS"	"Other"
"Heap"	"Other"
"Heap Analytics"	"Other"
"Helix"	"Other"
"help-desk"	"Other"
"Heroku"	"Other"
"Hexagonal Architecture"	"Other"
"HeyGen"	"Other"
"Hibernate/JPA"	"Other"
"Hierarchical Profiler"	"Other"
"High level of customer s"	"Other"
"High Performance Computing (HPC"	"Other"
"Highcharts"	"Other"
"Hikvision"	"Other"
"Hitachi"	"Other"
"Hitachi HNAS"	"Other"
"Hitachi Storage"	"Other"
"HL7"	"Other"
"HL7 CDA"	"Other"
"HL7 FHIR"	"Other"
"HL7/IHE"	"Other"
"HLS"	"Other"
"HMI"	"Other"
"Hotjar / Clarity"	"Other"
"HP"	"Other"
"HP 3par"	"Other"
"HP ALM"	"Other"
"HPE Aruba"	"Other"
"HPSM"	"Other"
"HR"	"Other"
"HRSD"	"Other"
"HSM"	"Other"
"Hudi"	"Other"
"HudsonRock"	"Other"
"Hugging Face"	"Other"
"Hugging Face Transformers"	"Other"
"HuggingFace"	"Other"
"Human Interface Guidelines"	"Other"
"Hybrid Active Directory"	"Other"
"Hybrid Cloud"	"Other"
"Hypatos"	"Other"
"Hyperconverged Infrastructure"	"Other"
"Hyva Checkout"	"Other"
"Hyva Thems"	"Other"
"IaaS"	"Other"
"IBM"	"Other"
"IBM Cloud MQ"	"Other"
"IBM Cognos"	"Other"
"IBM Connections"	"Other"
"IBM Data Architect"	"Other"
"IBM DB2"	"Other"
"IBM Flow Manager"	"Other"
"IBM I5"	"Other"
"IBM Infosphere Data Stage"	"Other"
"IBM Planning Analytics"	"Other"
"IBM SAN Volume Controller"	"Other"
"IBM SAN Volume Controller (SVC"	"Other"
"IBM Storage"	"Other"
"IBM WMQ"	"Other"
"ICE Data Service"	"Other"
"Icinga2"	"Other"
"iclone 8"	"Other"
"ICMP"	"Other"
"ICOFR"	"Other"
"ICSR"	"Other"
"IDA"	"Other"
"IDA Pro"	"Other"
"IDEA"	"Other"
"Identity Management"	"Other"
"IdoSell"	"Other"
"IDPS"	"Other"
"IDz/RDz"	"Other"
"iFlow"	"Other"
"IFS"	"Other"
"IFS App/Cloud"	"Other"
"IFS Applications 10 lub IFS Cloud"	"Other"
"Ignition Platform"	"Other"
"IHE"	"Other"
"Illustrator"	"Other"
"IMAP"	"Other"
"IMS"	"Other"
"IMS/DC"	"Other"
"In-App Extensibility"	"Other"
"Incognito"	"Other"
"incremental refresh"	"Other"
"InDesign"	"Other"
"Industry"	"Other"
"Infinispan"	"Other"
"Infoblox"	"Other"
"INFOR"	"Other"
"Informatica"	"Other"
"Informatica Data Governance"	"Other"
"Informatica Power Center"	"Other"
"Informix"	"Other"
"Infrastructure as Code"	"Other"
"Infrastructure Automation"	"Other"
"infrastruktura Data Center"	"Other"
"inne"	"Other"
"Insight"	"Other"
"Insights"	"Other"
"inSite"	"Other"
"InstallShield"	"Other"
"Instana"	"Other"
"integracja"	"Other"
"integracyjne"	"Other"
"integralnoæ skóry itp"	"Other"
"Integration"	"Other"
"Intune (Endpoint Manager"	"Other"
"InVision"	"Other"
"IoT Systems"	"Other"
"IP"	"Other"
"IP CCTV"	"Other"
"IP networks"	"Other"
"IPA"	"Other"
"iPaas tools"	"Other"
"IPAM"	"Other"
"IPS"	"Other"
"IPSec"	"Other"
"IPv4"	"Other"
"IR"	"Other"
"ISAAC"	"Other"
"ISIS"	"Other"
"ISO 22301"	"Other"
"ISO 27001"	"Other"
"ISO/IEC 27001"	"Other"
"ISO/IEC standards"	"Other"
"ISO/OSI"	"Other"
"ISPF"	"Other"
"Istio"	"Other"
"ISTQB (Advanced Level"	"Other"
"ISTQB Advanced"	"Other"
"IT Infastructure"	"Other"
"IT/OT"	"Other"
"ITAM"	"Other"
"ITIL processes"	"Other"
"ITIL4"	"Other"
"ITK"	"Other"
"itscam"	"Other"
"ITSM/ITOM"	"Other"
"JAD"	"Other"
"Jaeger"	"Other"
"Jakarta EE"	"Other"
"Jamf"	"Other"
"JanusGraph"	"Other"
"Jasper Reports"	"Other"
"JAX"	"Other"
"Jazda autonomiczna"	"Other"
"JBoss EAP"	"Other"
"JCL"	"Other"
"JDBC"	"Other"
"JEE"	"Other"
"Jelly"	"Other"
"Jetpack"	"Other"
"JFrog"	"Other"
"Jinja2"	"Other"
"JMS"	"Other"
"John the Ripper"	"Other"
"JointJS"	"Other"
"JOLT"	"Other"
"JPA/Hibernate"	"Other"
"JQL"	"Other"
"jQuery + kendo"	"Other"
"JS ES6+"	"Other"
"JSF"	"Other"
"JSF 2"	"Other"
"JTAG"	"Other"
"Juniper"	"Other"
"Juniper SRX firewall"	"Other"
"Jupyter"	"Other"
"Jupyter Notebook"	"Other"
"K3s"	"Other"
"Kandji"	"Other"
"Karma"	"Other"
"Katalon"	"Other"
"KD"	"Other"
"Keil"	"Other"
"Kerberos"	"Other"
"Keycloak"	"Other"
"Kiali"	"Other"
"Kismet"	"Other"
"klastry FCI"	"Other"
"KNF"	"Other"
"KNIME"	"Other"
"KnockoutJS"	"Other"
"Knowledge Engineering"	"Other"
"koa"	"Other"
"Koin"	"Other"
"kolokacja"	"Other"
"komunikacj¹ i PR"	"Other"
"Komunikatywnoæ i umie"	"Other"
"Kondor+"	"Other"
"Korn"	"Other"
"Kotlin Coroutines"	"Other"
"Kotlin DSL"	"Other"
"KQL"	"Other"
"kryptografia"	"Other"
"KSC/NIS2"	"Other"
"Ktor"	"Other"
"Kuberentes"	"Other"
"kubernates"	"Other"
"Kudu"	"Other"
"Kustomize"	"Other"
"Kyma"	"Other"
"Kyriba"	"Other"
"Kyverno"	"Other"
"L2"	"Other"
"L2/L3"	"Other"
"L2TP"	"Other"
"LACP"	"Other"
"Lakehouse"	"Other"
"LAN/WAN"	"Other"
"LAN/WAN/VPN"	"Other"
"LAN/WLAN"	"Other"
"Landing Zone"	"Other"
"LangFuse"	"Other"
"Langraph"	"Other"
"Laravel 12+"	"Other"
"lasticsearch"	"Other"
"LCS"	"Other"
"Lean"	"Other"
"Lean Six Sigma"	"Other"
"LeanIX"	"Other"
"leczenie ran"	"Other"
"LendingPad"	"Other"
"LibreNms"	"Other"
"LibreOffice"	"Other"
"LIDAR"	"Other"
"Liferay"	"Other"
"Lightning"	"Other"
"Linea"	"Other"
"Linear"	"Other"
"LinkedIn Ads"	"Other"
"Liquibase/Flyway"	"Other"
"Liquidbase"	"Other"
"Live Data"	"Other"
"Livespace"	"Other"
"Livewire"	"Other"
"Llama"	"Other"
"LLM Integration"	"Other"
"LLM orchestration frameworks"	"Other"
"LLM/RAG"	"Other"
"LLP"	"Other"
"LLVM"	"Other"
"LMS"	"Other"
"Load Balancer"	"Other"
"Load Balancer configuration"	"Other"
"Load Runner"	"Other"
"LoadRunner Enterprice"	"Other"
"Log Analytics"	"Other"
"Logistics systems"	"Other"
"Lombok"	"Other"
"looker studio"	"Other"
"LoRA"	"Other"
"LOS"	"Other"
"Low Code"	"Other"
"Low-Code Platform"	"Other"
"Lub ich odpowiedniki"	"Other"
"Lucid App"	"Other"
"Luigi"	"Other"
"Lumen"	"Other"
"LVGL"	"Other"
"LWC"	"Other"
"M Language"	"Other"
"ma wykszta³cenie co najmniej rednie"	"Other"
"Macierz Hitachi"	"Other"
"Make/ Asses/ Release"	"Other"
"ManageEngine"	"Other"
"management"	"Other"
"Management & Workflow Document"	"Other"
"Management / Content Management"	"Other"
"Management Change"	"Other"
"Mantis"	"Other"
"Manual provisioning"	"Other"
"Mapbox"	"Other"
"MapReduce"	"Other"
"Market Data Interface Tool"	"Other"
"Marten"	"Other"
"Marvel"	"Other"
"Mason"	"Other"
"MassTransit"	"Other"
"Material Planning"	"Other"
"Matillion"	"Other"
"Matomo"	"Other"
"Matrix42 Empirum"	"Other"
"Matrix42 Service Store"	"Other"
"MAUI"	"Other"
"Maven/Gradle"	"Other"
"Maya"	"Other"
"Maze / Lookback / Useberry"	"Other"
"mCAD"	"Other"
"MCAD/ECAD Integration"	"Other"
"McAfee"	"Other"
"MCP"	"Other"
"mcp-server"	"Other"
"MCS"	"Other"
"Medallion architecture"	"Other"
"MEGA HOPEX"	"Other"
"Memcache"	"Other"
"Memcached"	"Other"
"Memory management"	"Other"
"Mendix"	"Other"
"Meraki"	"Other"
"Meru"	"Other"
"Meta"	"Other"
"Metabase"	"Other"
"Metadane"	"Other"
"Metricbeat"	"Other"
"MFA"	"Other"
"MFT"	"Other"
"Micro services"	"Other"
"micro-services"	"Other"
"Micrometer"	"Other"
"Micronaut"	"Other"
"MicroROS"	"Other"
"Microservices architecture"	"Other"
"Microservices patterns"	"Other"
"microservices setup"	"Other"
"Microsoft 365 Business Premium"	"Other"
"Microsoft 365 E5"	"Other"
"Microsoft 365 Pro Plus"	"Other"
"Microsoft Ads"	"Other"
"Microsoft Application Servers"	"Other"
"Microsoft Copilot"	"Other"
"Microsoft Copilot Studio"	"Other"
"Microsoft D365"	"Other"
"Microsoft Defender for Cloud"	"Other"
"Microsoft Defender for Cloud Apps"	"Other"
"Microsoft Defender for Endpoint"	"Other"
"Microsoft Defender for Identity"	"Other"
"Microsoft Dynamics 365"	"Other"
"Microsoft Dynamics 365 F/SCM"	"Other"
"Microsoft Entra"	"Other"
"Microsoft Entra ID"	"Other"
"Microsoft Exchance"	"Other"
"Microsoft Exchange"	"Other"
"Microsoft Exchange Server"	"Other"
"Microsoft Hyper-V"	"Other"
"Microsoft IIS"	"Other"
"Microsoft Information Protection"	"Other"
"Microsoft Intune"	"Other"
"Microsoft Office 365"	"Other"
"Microsoft Power Automate"	"Other"
"Microsoft Power Platform"	"Other"
"Microsoft Purview"	"Other"
"Microsoft SCCM"	"Other"
"Microsoft Teams"	"Other"
"Microsoft Teams / OneDrive / SharePoint"	"Other"
"Microsoft Windows"	"Other"
"Microsoft Windows 11"	"Other"
"Microsoft Windows Server"	"Other"
"Microsoft Word"	"Other"
"Microsoft365"	"Other"
"MicroStrategy (Strategy One"	"Other"
"Middleware"	"Other"
"migration and archiving"	"Other"
"Milestone"	"Other"
"MITRE ATT&CK"	"Other"
"MM"	"Other"
"Mobile"	"Other"
"Mocha"	"Other"
"Mockk"	"Other"
"Modbus"	"Other"
"Model-driven Apps"	"Other"
"Modular App Architecture"	"Other"
"Molecule"	"Other"
"monitoring tools"	"Other"
"monolit"	"Other"
"Monorepo"	"Other"
"Monta¿ rolek wideo"	"Other"
"Moodle"	"Other"
"Mouseflow / HotJar"	"Other"
"MoveIt Framework"	"Other"
"MS Active Directory"	"Other"
"MS Excel"	"Other"
"MS Exchange"	"Other"
"MS Graph"	"Other"
"MS Intune"	"Other"
"MS O365"	"Other"
"MS Office Suite"	"Other"
"MS Power Apps"	"Other"
"MS Power Automate"	"Other"
"MS Purview"	"Other"
"MS Sysinternals Toolkit"	"Other"
"MS Windows"	"Other"
"MS Word"	"Other"
"MS-356"	"Other"
"MS365"	"Other"
"MSA"	"Other"
"Msbuild"	"Other"
"MSIX"	"Other"
"MUI"	"Other"
"MUI framework"	"Other"
"Multi-agent Systems"	"Other"
"Multi-Factor Authentication"	"Other"
"multi-tier architecture"	"Other"
"Multithreading"	"Other"
"Murex"	"Other"
"MV Visual Studio"	"Other"
"MVC"	"Other"
"MVI"	"Other"
"MVVM"	"Other"
"MVVM+C"	"Other"
"MX.3 Limits Connector"	"Other"
"n8n"	"Other"
"NAC"	"Other"
"Nadzorowanie i uczestnictwo w procesie NPI"	"Other"
"Named Entity Recognition"	"Other"
"narzêdzia CASE"	"Other"
"narzêdzia CRM"	"Other"
"Narzêdzia monitoringu infrastruktury i us³ug"	"Other"
"Narzêdzie do zdalnej pomocy"	"Other"
"NAS"	"Other"
"NAT"	"Other"
"Natural"	"Other"
"nCino"	"Other"
"NeoLoad"	"Other"
"NetApp"	"Other"
"NetApp ONTAP"	"Other"
"NetBackup"	"Other"
"netcraft"	"Other"
"Netcrunch"	"Other"
"NetFlow"	"Other"
"NetScaler"	"Other"
"NetSuite"	"Other"
"network"	"Other"
"Network Administration"	"Other"
"Network Engineering"	"Other"
"Networking skills"	"Other"
"New Relic"	"Other"
"NewRelic"	"Other"
"Next"	"Other"
"NextJS"	"Other"
"Nexus Repository"	"Other"
"Nexus Sonatype"	"Other"
"NGFW Fortinet"	"Other"
"NgRx/NGXS"	"Other"
"NGS"	"Other"
"NHibernate"	"Other"
"Nieustrukturyzowane dane"	"Other"
"NightWatch"	"Other"
"Nightwatch.js"	"Other"
"Ninja One"	"Other"
"NinjaRMM"	"Other"
"Nintex K2"	"Other"
"NLTK"	"Other"
"NLU"	"Other"
"No-code"	"Other"
"Nomad"	"Other"
"nRF Connect SDK"	"Other"
"NSG"	"Other"
"NTFS/NAS"	"Other"
"NTLM"	"Other"
"NTP"	"Other"
"Nuclei"	"Other"
"NuGet"	"Other"
"Nuxt"	"Other"
"NVDA"	"Other"
"Nvidia GPUs"	"Other"
"Nvidia Jetson"	"Other"
"NVMe"	"Other"
"NX"	"Other"
"nx monorepo"	"Other"
"o"	"Other"
"O365"	"Other"
"OBIEE"	"Other"
"Object Oriented Programming"	"Other"
"Object Storage"	"Other"
"Object-Oriented Design"	"Other"
"Ocr"	"Other"
"Octopus Deploy"	"Other"
"ODBC"	"Other"
"ODI"	"Other"
"odpowiedzialnoci¹ za podejmowane decyzje i umiejêtnoci¹ efektywnej pracy w ograniczonym czasie"	"Other"
"OEBS"	"Other"
"OfBiz"	"Other"
"Office"	"Other"
"Office365"	"Other"
"Ogólna wiedza z zakresu teleinformatyki"	"Other"
"OIDC"	"Other"
"OKD"	"Other"
"OLAP"	"Other"
"Omegamon"	"Other"
"OMOP"	"Other"
"OMP"	"Other"
"One Identity Manager"	"Other"
"OneDrive for Business"	"Other"
"OneSignal"	"Other"
"Onestream"	"Other"
"OneTrust"	"Other"
"ONNX"	"Other"
"Ontologie"	"Other"
"opatrunki"	"Other"
"OPC"	"Other"
"Open Search"	"Other"
"Open Stack"	"Other"
"OpenBAO"	"Other"
"OpenEdge"	"Other"
"OpenGL"	"Other"
"OpenID"	"Other"
"OpenID Connect"	"Other"
"OpenTelemetry"	"Other"
"OpenText Documentum"	"Other"
"OpenText Exstream"	"Other"
"OpenText Fortify"	"Other"
"OpenText Micro Focus ecosystem"	"Other"
"OpenText SMAX"	"Other"
"OpenTofu"	"Other"
"OpenVAS"	"Other"
"OpenVPN"	"Other"
"OpenWRT"	"Other"
"Ophcrack"	"Other"
"OPR"	"Other"
"Orchestration"	"Other"
"Orchestrator"	"Other"
"ORM"	"Other"
"Orval"	"Other"
"OS MS Win"	"Other"
"OSCP"	"Other"
"osoby posiadaj¹cej umiejêtnoci negocjacyjne i wysok¹ kulturê komunikacji"	"Other"
"OSS"	"Other"
"OSS Licenses"	"Other"
"OT Systems"	"Other"
"other low-code protocols"	"Other"
"Otrs"	"Other"
"Outlook"	"Other"
"OutSystems UI"	"Other"
"Ovh"	"Other"
"PAdES"	"Other"
"PagerDuty"	"Other"
"Pakiet Adobe"	"Other"
"Palantir"	"Other"
"Palo Alto"	"Other"
"Palo Alto firewall"	"Other"
"Pantheon"	"Other"
"Pascal"	"Other"
"PC"	"Other"
"PCIe"	"Other"
"PCS cluster"	"Other"
"PDF Automation"	"Other"
"PDF automation / document generation libraries"	"Other"
"PEFT"	"Other"
"Pega CSA"	"Other"
"Pega Deployment Manager"	"Other"
"Pega Platform"	"Other"
"Pega Predictive Diagnostic Cloud (PDC"	"Other"
"Pentaho"	"Other"
"PeopleSoft"	"Other"
"Percona xtraDB"	"Other"
"PG dump"	"Other"
"PGVector"	"Other"
"Photon"	"Other"
"Photoshop"	"Other"
"PHP 7+"	"Other"
"PHPUnit"	"Other"
"PI"	"Other"
"PILAR"	"Other"
"PIM"	"Other"
"Pinecone"	"Other"
"Ping"	"Other"
"Ping Identity"	"Other"
"PingID"	"Other"
"Pipedrive"	"Other"
"Pipelines"	"Other"
"Pipenv"	"Other"
"Pivot Tables"	"Other"
"PivotTables"	"Other"
"PixiJS"	"Other"
"PKI"	"Other"
"Platforma INTENSE"	"Other"
"platformy low-code"	"Other"
"Play Store SDK"	"Other"
"PlayStation"	"Other"
"PLM"	"Other"
"Plotly"	"Other"
"PnP PowerShell"	"Other"
"Poczta"	"Other"
"Podstawy sieci (LAN/Wi-Fi/VPN"	"Other"
"Podstawy sieci: WAN / LAN"	"Other"
"podstawy szyfrowania"	"Other"
"Polarion"	"Other"
"Polish - B2"	"Other"
"Polybase"	"Other"
"POP"	"Other"
"Portfolio Review Board (PRB"	"Other"
"portfolio w³asnych treci lub pro"	"Other"
"POS"	"Other"
"Posiada umiejêtnoci takie jak"	"Other"
"Postgre"	"Other"
"PostHog"	"Other"
"potrafisz przek³adaæ techniczne rozwi¹zania na jêzyk korzyci"	"Other"
"poufno"	"Other"
"PoweCenter"	"Other"
"Power Apps Portals"	"Other"
"Power Automate Cloud"	"Other"
"Power Automate Desk"	"Other"
"Power BI Desktop"	"Other"
"Power BI Report Builder"	"Other"
"Power BI Report Server"	"Other"
"Power Fx"	"Other"
"Power Point"	"Other"
"PowerApps"	"Other"
"PowerAutomate"	"Other"
"PowerCLI"	"Other"
"PowerFactory"	"Other"
"PowerFX"	"Other"
"PowerHA"	"Other"
"PowerPlatform"	"Other"
"Powerstore"	"Other"
"PowerVM"	"Other"
"PP"	"Other"
"PPAC"	"Other"
"Praca z danymi nieustrukturyzowanymi"	"Other"
"Praca Zdalna"	"Other"
"Praktyczne zastosowanie narzêdzi LEAN Manufacturing"	"Other"
"PrimeFaces"	"Other"
"PrimeNG"	"Other"
"Printer Server"	"Other"
"Private DNS"	"Other"
"Private Endpoints"	"Other"
"Proactive Hardware Monitoring"	"Other"
"procesy ETL"	"Other"
"Procesy kredytowe"	"Other"
"Programowanie obiektowe (OOP"	"Other"
"programowanie systemowe"	"Other"
"Progress 4GL"	"Other"
"Protocol & Performance Fluency"	"Other"
"protoko³y i interfejsy"	"Other"
"Protoko³y sieci komórkowych"	"Other"
"protoko³y sieciowe"	"Other"
"protokó³ komunikacyjny ModBus TCP"	"Other"
"ProtoPie"	"Other"
"Protractor"	"Other"
"Provisioning"	"Other"
"prowadzenia projektu od pomys³u do realizacji"	"Other"
"Proxmox VE"	"Other"
"Proxy"	"Other"
"Proxyman"	"Other"
"PRTG"	"Other"
"PSCAD"	"Other"
"PSR-4"	"Other"
"PSS Web"	"Other"
"Pub"	"Other"
"PubSub"	"Other"
"Purview"	"Other"
"PVS"	"Other"
"pykx"	"Other"
"PyQGIS"	"Other"
"QDG"	"Other"
"QDI"	"Other"
"Qdrant"	"Other"
"Qemu"	"Other"
"Qlik"	"Other"
"Qlik Cloud Data Integration"	"Other"
"Qlik Cloud Data Integration QCDI"	"Other"
"Qlik Compose"	"Other"
"Qlik GeoAnalytics"	"Other"
"Qlik NPrinting"	"Other"
"Qlik Replicate"	"Other"
"Qlik Sense"	"Other"
"QMetry"	"Other"
"QMS"	"Other"
"Qnap"	"Other"
"QoS"	"Other"
"QoS Configuration"	"Other"
"QT/Boost"	"Other"
"Qualtrics"	"Other"
"Qualys"	"Other"
"Qualys WAS"	"Other"
"Quantexa"	"Other"
"Quarkus"	"Other"
"Quart"	"Other"
"Quest"	"Other"
"Quick Wins"	"Other"
"Quick/Nimble"	"Other"
"QUnit"	"Other"
"Rabbit MQ"	"Other"
"RACF"	"Other"
"Rack & Stack"	"Other"
"Radmin"	"Other"
"RAG / LLMOps"	"Other"
"RAGs"	"Other"
"Rancher"	"Other"
"Ranorex"	"Other"
"RAP"	"Other"
"Raporty Paginowane"	"Other"
"Raspberry Pi"	"Other"
"RBAC"	"Other"
"RDARR"	"Other"
"RDF / OWL / SPARQL"	"Other"
"RDMA"	"Other"
"Realm"	"Other"
"Realtime DB"	"Other"
"REDHAT Cluster"	"Other"
"Redshift"	"Other"
"Relacyjne bazy danych"	"Other"
"Reltio Cloud MDM"	"Other"
"Remedy"	"Other"
"Remix"	"Other"
"Report Builder"	"Other"
"Reporting Services"	"Other"
"Reqnroll"	"Other"
"Resource Description Framework"	"Other"
"Retool"	"Other"
"Revit"	"Other"
"REXX"	"Other"
"RHCOS"	"Other"
"RHEL"	"Other"
"RHEL OpenShift"	"Other"
"Ride-by-Wire Systems"	"Other"
"Risk Management"	"Other"
"Roborazzi"	"Other"
"Robot"	"Other"
"Robot automation framework"	"Other"
"RobotFramework"	"Other"
"Robotyka i automatyzacja"	"Other"
"Robotyka mobilna"	"Other"
"ROS2"	"Other"
"Route Tables"	"Other"
"Router"	"Other"
"Rozwi¹zania chmurowe i hybrydowe"	"Other"
"RPA Platform"	"Other"
"Rradare2"	"Other"
"RSA Archer"	"Other"
"RSA Cloud"	"Other"
"RSA Onprem"	"Other"
"RSpec"	"Other"
"RTK Query"	"Other"
"RTOS"	"Other"
"RTSP"	"Other"
"Ruckus"	"Other"
"Rust2"	"Other"
"RxBinding"	"Other"
"RxSwift/RxCocoa"	"Other"
"S&OP"	"Other"
"S/4 HANA"	"Other"
"S/MIME"	"Other"
"S4 HANA"	"Other"
"S4Hana"	"Other"
"SaaS solutions"	"Other"
"SABSA"	"Other"
"SAFe Framework"	"Other"
"Sales Cloud"	"Other"
"Salesforce Certification"	"Other"
"Salesforce Commerce Cloud"	"Other"
"Salt"	"Other"
"Salto"	"Other"
"SaltStack"	"Other"
"SAM"	"Other"
"SAN Brocade"	"Other"
"SAN Cisco MDS"	"Other"
"SAN configuration"	"Other"
"SandBox"	"Other"
"SAP (zagadnienia operatorskie"	"Other"
"SAP APO"	"Other"
"SAP APO / IBP"	"Other"
"SAP Ariba"	"Other"
"SAP ASE"	"Other"
"SAP ATP"	"Other"
"SAP Basis"	"Other"
"SAP BN4L"	"Other"
"SAP BO"	"Other"
"SAP BPC"	"Other"
"SAP BTP"	"Other"
"SAP Business Technology Platform"	"Other"
"SAP BW/4HANA"	"Other"
"SAP Central Finance"	"Other"
"SAP Cloud ALM"	"Other"
"SAP Controlling"	"Other"
"SAP CPQ"	"Other"
"SAP CS/PS"	"Other"
"SAP data models"	"Other"
"SAP Datasphere"	"Other"
"SAP ECCS"	"Other"
"SAP EHS"	"Other"
"SAP Enhancements"	"Other"
"SAP ePPDS"	"Other"
"SAP EWM"	"Other"
"SAP FIAA"	"Other"
"SAP FICO"	"Other"
"SAP Finance"	"Other"
"SAP Gateway"	"Other"
"SAP GRC"	"Other"
"SAP GRC Access Control"	"Other"
"SAP GTS"	"Other"
"SAP HCM"	"Other"
"SAP IBP"	"Other"
"SAP IBP/SNP"	"Other"
"SAP IDM"	"Other"
"SAP IDOC"	"Other"
"SAP Integration Suite"	"Other"
"SAP LE/IM"	"Other"
"SAP MDG"	"Other"
"SAP MDM"	"Other"
"SAP NetWeaver"	"Other"
"SAP OTC"	"Other"
"SAP PI/PO"	"Other"
"SAP PO"	"Other"
"SAP PPDS"	"Other"
"SAP PS"	"Other"
"SAP PUR"	"Other"
"SAP QM"	"Other"
"SAP RAR"	"Other"
"SAP RFC"	"Other"
"SAP RFX"	"Other"
"SAP Rise"	"Other"
"SAP Risk Management"	"Other"
"SAP S/4 HANA"	"Other"
"SAP S/4HANA (AP"	"Other"
"SAP S/4HANA ePPDS"	"Other"
"SAP S/4HANA Finance"	"Other"
"SAP S4 HANA"	"Other"
"SAP S4Hana"	"Other"
"SAP SAC"	"Other"
"SAP Sales and Distribution"	"Other"
"SAP SD/LE"	"Other"
"SAP Signavio"	"Other"
"SAP SolMan"	"Other"
"SAP Solution Manager"	"Other"
"SAP Success Factors"	"Other"
"SAP SuccessFactors"	"Other"
"SAP TM"	"Other"
"SAP Treasury"	"Other"
"SAP VIM"	"Other"
"SAP Workflow"	"Other"
"SAP-Script"	"Other"
"SAS 4GL"	"Other"
"SAS Base"	"Other"
"SAS DI"	"Other"
"SAS Macro Language"	"Other"
"SAS programming"	"Other"
"SAS Viya"	"Other"
"SASE"	"Other"
"SATCOM"	"Other"
"SauceLabs"	"Other"
"Saviynt"	"Other"
"SBE"	"Other"
"SBOM"	"Other"
"SCADA"	"Other"
"Scapy"	"Other"
"SCCM"	"Other"
"ScheduleIN"	"Other"
"schemat elektroniczny"	"Other"
"SCP"	"Other"
"Screaming Frog"	"Other"
"Scripting"	"Other"
"Scriptrunner"	"Other"
"SD"	"Other"
"SD WAN"	"Other"
"SD-WAN"	"Other"
"SDLC"	"Other"
"seaborn"	"Other"
"SecOps"	"Other"
"Secure Boot"	"Other"
"secure coding"	"Other"
"SEE"	"Other"
"segmentacja sieci"	"Other"
"Sekoia"	"Other"
"Seldon"	"Other"
"Selenide"	"Other"
"SELF-SERVICE"	"Other"
"Semantic Kerne"	"Other"
"Semantic Kernel"	"Other"
"Sementic Kernel"	"Other"
"Semgrep"	"Other"
"SentinelOne"	"Other"
"SentiOne Automate"	"Other"
"SEO"	"Other"
"SEO i lubi analizowaæ dane"	"Other"
"SEPA"	"Other"
"Server"	"Other"
"Serverless"	"Other"
"Service Cloud"	"Other"
"Service Desk / ServiceNow"	"Other"
"Service Endpoints"	"Other"
"Service Mapping"	"Other"
"Service Now"	"Other"
"Service Portal"	"Other"
"ServiceNow CMDB"	"Other"
"ServiceNow HRSD"	"Other"
"serwery"	"Other"
"SFPT"	"Other"
"SFTP"	"Other"
"Shapely"	"Other"
"SharePoint On-Premises Farm Architecture"	"Other"
"Shiny"	"Other"
"Shoper"	"Other"
"Shopware"	"Other"
"sieci LAN/WAN/VPN"	"Other"
"sieci windows"	"Other"
"SIEM Sentinel"	"Other"
"SIEM SPLUNK"	"Other"
"SIEM/SOAR"	"Other"
"Sieæ IT"	"Other"
"SignalR"	"Other"
"Signals"	"Other"
"Silverpeak"	"Other"
"SIP"	"Other"
"Six Sigma"	"Other"
"Slack Connect"	"Other"
"Slurm"	"Other"
"Smartlook"	"Other"
"Smartsheet"	"Other"
"Smarty"	"Other"
"SMTP"	"Other"
"SNIP"	"Other"
"SNIP (Subnet IP"	"Other"
"SNMP"	"Other"
"SNOW"	"Other"
"Snowpark"	"Other"
"SOA Suite"	"Other"
"SOAP UI"	"Other"
"SOAR"	"Other"
"Software Asset Management"	"Other"
"software framework"	"Other"
"SolarWinds"	"Other"
"SOLID"	"Other"
"SOLID Principles"	"Other"
"Solr"	"Other"
"solution manager"	"Other"
"Solvency II"	"Other"
"Sonatype IQ"	"Other"
"Sonatype NexusIQ"	"Other"
"SOP"	"Other"
"Sorbnet"	"Other"
"Soti"	"Other"
"Spacy"	"Other"
"SPARQL"	"Other"
"Sparx Enterprisse"	"Other"
"SPC"	"Other"
"spdk"	"Other"
"Spectator"	"Other"
"Spirng Boot"	"Other"
"SPL"	"Other"
"Splunk ITSI"	"Other"
"Spock (Groovy"	"Other"
"Spotfire"	"Other"
"sPrint"	"Other"
"SPSS"	"Other"
"SSAS"	"Other"
"SSAS Tabular"	"Other"
"SSL"	"Other"
"SSL VPN"	"Other"
"SSLStrip"	"Other"
"SSMS"	"Other"
"SSP"	"Other"
"SSWiN"	"Other"
"Stackdriver"	"Other"
"standalone"	"Other"
"Stash"	"Other"
"Statistica"	"Other"
"StencilJS"	"Other"
"Step Functions"	"Other"
"Storage"	"Other"
"Storage Accounts i KeyVault"	"Other"
"Storage systems"	"Other"
"Stormshield"	"Other"
"Story Mapping"	"Other"
"Storybook"	"Other"
"STP"	"Other"
"Stripe"	"Other"
"Strong analytical and pr"	"Other"
"Structure"	"Other"
"Studio5000"	"Other"
"Success Factors"	"Other"
"Successfactors"	"Other"
"SuiteBuilder"	"Other"
"Suiteflow"	"Other"
"SuiteScript"	"Other"
"SuiteScripts"	"Other"
"SuiteTalk"	"Other"
"sumiennoæ"	"Other"
"Sumo Logic"	"Other"
"Superset"	"Other"
"Support"	"Other"
"SUSE Rancher"	"Other"
"SWD"	"Other"
"Swift Concurrency"	"Other"
"Swift Package Manager"	"Other"
"Swift UI"	"Other"
"SwiftUI/UIKit"	"Other"
"Swing"	"Other"
"switche"	"Other"
"switches"	"Other"
"Switching"	"Other"
"Switching & Firewalling"	"Other"
"Symantec"	"Other"
"Symantec DLP"	"Other"
"Symfonia"	"Other"
"Symfonia ERP"	"Other"
"Symfony 6"	"Other"
"Synapse"	"Other"
"Syndigo Enterprise Data Suite"	"Other"
"Synology"	"Other"
"Synopsys Coverity"	"Other"
"syntax"	"Other"
"syslog"	"Other"
"Syslog-ng"	"Other"
"system administration"	"Other"
"System Center Configuration Manager"	"Other"
"System Control"	"Other"
"system erp enova365"	"Other"
"System operacyjny Windows"	"Other"
"System ticketowy"	"Other"
"system zarz¹dzania drukiem np.: PaperCut / SafeQ / uniFLOW"	"Other"
"SystemC"	"Other"
"SystemVerilog"	"Other"
"systemy klasy SIEM/SOAR"	"Other"
"Systemy MDM (Mobile Device Management"	"Other"
"systemy operacyjne"	"Other"
"systemy SIEM/SOAR"	"Other"
"Systemy Symfonia"	"Other"
"SysTrack"	"Other"
"SysTrack suite"	"Other"
"Szkolenia LABView"	"Other"
"szyfrowanie danych"	"Other"
"Tagetik"	"Other"
"Tanium"	"Other"
"TanStack"	"Other"
"Target"	"Other"
"TCP/IP"	"Other"
"TCP/IP networks (IPv4"	"Other"
"TCP/IP sieci"	"Other"
"TCP/IT"	"Other"
"TCPWave"	"Other"
"Team Leadership"	"Other"
"Teamcenter"	"Other"
"TeamViewer"	"Other"
"technologie DNS/DHCP/PKI"	"Other"
"Telecommunication"	"Other"
"Telerik Fiddler"	"Other"
"Temenos Core Banking"	"Other"
"Tenable"	"Other"
"TensorRT"	"Other"
"Terragrunt"	"Other"
"TIA"	"Other"
"TIA Portal"	"Other"
"Tibco"	"Other"
"Ticket System"	"Other"
"ticketing systems"	"Other"
"ticketowe systemy wsparcia u¿ytkowników (m.in. MantisBT"	"Other"
"Ticontract"	"Other"
"TikTok Ads"	"Other"
"TimoCom"	"Other"
"TLS"	"Other"
"TM/TC"	"Other"
"TM1"	"Other"
"TMS"	"Other"
"TOAD"	"Other"
"Tokens Studio"	"Other"
"Transfer Agency"	"Other"
"Transformer architecture"	"Other"
"Transportation Management System"	"Other"
"Tricentis NeoLoad"	"Other"
"Trino"	"Other"
"Triton"	"Other"
"Triton Inference Server"	"Other"
"Trivy"	"Other"
"Turbopack"	"Other"
"Twig"	"Other"
"TWS/OPC"	"Other"
"Tyk"	"Other"
"TypeORM"	"Other"
"UAM"	"Other"
"UAT"	"Other"
"uczenie maszynowe"	"Other"
"Uczestnictwo w procesach RFQ"	"Other"
"UDP"	"Other"
"UI"	"Other"
"UI5"	"Other"
"UIKit"	"Other"
"UiPath Orchestrator"	"Other"
"UiPath Studio"	"Other"
"Umbraco"	"Other"
"Umiejêtnoci merytoryczne"	"Other"
"Umiejêtnoæ czytania dokumentacji technicznej bêdzie dodatkowym atutem"	"Other"
"Umiejêtnoæ czytania prostych rysunków technicznych"	"Other"
"Umiejêtnoæ pracy samodzielnej i zesp"	"Other"
"umiejêtnoæ pracy w zespole oraz koordynowania z³o¿onych projektów"	"Other"
"Umiejêtnoæ wykonywania instrukcji"	"Other"
"umiejêtnoæ zarz¹dzania informacj¹ oraz pracy z du¿¹ iloci¹ dokumentów"	"Other"
"Unit"	"Other"
"Unity"	"Other"
"UnityPro"	"Other"
"Upsource"	"Other"
"User Stories"	"Other"
"User Zoom"	"Other"
"UTM"	"Other"
"UTM / NGFW"	"Other"
"Uwaga: Osoby"	"Other"
"UWB"	"Other"
"UX"	"Other"
"UX Design"	"Other"
"UX Writer"	"Other"
"UXPin"	"Other"
"VA"	"Other"
"varcond"	"Other"
"Varnish"	"Other"
"Vault"	"Other"
"Vault CRM"	"Other"
"vavr/Scala"	"Other"
"VB"	"Other"
"VB6"	"Other"
"vCenter"	"Other"
"Vector CANoe"	"Other"
"Vector Database"	"Other"
"Vector Databases"	"Other"
"Veeva CRM"	"Other"
"Velero"	"Other"
"VeloCloud"	"Other"
"Venture"	"Other"
"VictoriaLogs"	"Other"
"Vim"	"Other"
"VIPER"	"Other"
"Viptela"	"Other"
"Virtual Agents"	"Other"
"VirtualBox"	"Other"
"Virtualization"	"Other"
"Visual Basic"	"Other"
"Vizlib"	"Other"
"VMware Cloud"	"Other"
"VMware ESX"	"Other"
"VMWare ESXi"	"Other"
"VMware vCenter"	"Other"
"Vmware vSphere"	"Other"
"VNC"	"Other"
"VNET/Subnets"	"Other"
"VPN"	"Other"
"VPN (IPSec"	"Other"
"VPN Client"	"Other"
"VPN Gateway"	"Other"
"VPS"	"Other"
"vSphere Hardware"	"Other"
"VTOM"	"Other"
"Vulnerability Management"	"Other"
"VyOS"	"Other"
"w tym w szczególnoci z zakresu sieci teleinformatycznych i baz danych"	"Other"
"w zale¿noci od specjalizacji"	"Other"
"WAF"	"Other"
"WAL"	"Other"
"Warehouse Management Systems"	"Other"
"Watchguard"	"Other"
"WAVE"	"Other"
"Wazuh"	"Other"
"Weaviate"	"Other"
"Web Activity"	"Other"
"web analytics"	"Other"
"web applications"	"Other"
"Web Components"	"Other"
"Web Ontology Language"	"Other"
"Web/Mobile Applications"	"Other"
"Webankieta"	"Other"
"WebAssembly"	"Other"
"Webflow"	"Other"
"WebFlux"	"Other"
"Webhooks"	"Other"
"WebRTC"	"Other"
"Webserices"	"Other"
"WebService"	"Other"
"WebServices"	"Other"
"WebView"	"Other"
"Whiteboard"	"Other"
"Wiedza semantyczna"	"Other"
"wiki.js"	"Other"
"Wildfly"	"Other"
"WinDbg"	"Other"
"Windows 10"	"Other"
"Windows 10 / Windows 11"	"Other"
"Windows 10-11"	"Other"
"Windows 11"	"Other"
"Windows 365"	"Other"
"Windows Desktop"	"Other"
"Windows Operating System"	"Other"
"Windows Servers"	"Other"
"WinUI"	"Other"
"WireMock"	"Other"
"Wirtualizacja"	"Other"
"wirtualizacja serwerów w rodowisku on-premise"	"Other"
"WIX"	"Other"
"Wiz Sensor"	"Other"
"WMI"	"Other"
"WMS"	"Other"
"Word"	"Other"
"Workato"	"Other"
"Workbench"	"Other"
"Workday"	"Other"
"Workday EIB"	"Other"
"Workday HCM"	"Other"
"Workday Recruiting"	"Other"
"Workday Studio"	"Other"
"Workday Talent & Performance"	"Other"
"Workflow Configuration"	"Other"
"Workflows"	"Other"
"Workiva"	"Other"
"WSO2"	"Other"
"wspó³praca z zespo³ami technicznymi"	"Other"
"WSS"	"Other"
"WSUS"	"Other"
"wykonawczej i powykonawczej"	"Other"
"Wymagania dodatkowe (bêd¹ce przedmiotem oceny)"	"Other"
"wys"	"Other"
"Wysokie standardy etyczne i kultura"	"Other"
"x86/x64 assembly"	"Other"
"XAdES"	"Other"
"Xbox"	"Other"
"XDR"	"Other"
"XDR/EDR"	"Other"
"XGBoost"	"Other"
"XPath"	"Other"
"Xpediter"	"Other"
"XSS"	"Other"
"Xurent"	"Other"
"XWiki"	"Other"
"yarn"	"Other"
"YetiCRM"	"Other"
"Yii"	"Other"
"yii2"	"Other"
"z/OS"	"Other"
"Zaanga¿owanie w wykonywanie powierzonych zadañ"	"Other"
"Zagadnienia sieciowe"	"Other"
"Zed Attack Proxy"	"Other"
"Zendesk"	"Other"
"Zephyr"	"Other"
"Zephyr RTOS"	"Other"
"Zeplin"	"Other"
"Zeppelin"	"Other"
"Zero Trust"	"Other"
"Zero Trust principles"	"Other"
"ZeroMQ"	"Other"
"ZeroTrust"	"Other"
"Zimbra"	"Other"
"zna Ads"	"Other"
"Znajomoæ HACCP oraz wymagañ standardów zarz¹dzania jakoci¹ BRCGS"	"Other"
"Znajomoæ jêzyka angielskiego na poziomie umo¿liwiaj¹cym pracê z dokumentacj¹"	"Other"
"Znajomoæ jêzyka angielskiego w stopniu komunikatywnym"	"Other"
"Znajomoæ Microsoft 365"	"Other"
"Znajomoæ oprogramowania do sterowników Siemens  Step 7 oraz TIA Portal"	"Other"
"Znajomoæ systemów gie³d transportowych (np. Trans"	"Other"
"znajomoæ systemów informatycznych obs³ugi kadrowo-p³acowej"	"Other"
"Znajomoæ systemów Windows i pakietów biurowych"	"Other"
"Znajomoæ Windows 10/11"	"Other"
"znasz jêzyk angielski na poziomie B1"	"Other"
"Znuny"	"Other"
"Zoho Desk"	"Other"
"Zrozumienie technologii medycznych (np. cewniki"	"Other"
"ZScaler"	"Other"
"ZTNA"	"Other"
"Zustand"	"Other"
"Zuul CI"	"Other"
"rodowiska Qt"	"Other"
"rodowisko on-premise"	"Other"
"JIRA"	"PM / Agile / Delivery"
"NPM"	"PM / Agile / Delivery"
"SCRUM"	"PM / Agile / Delivery"
"Agile"	"PM / Agile / Delivery"
"Kanban"	"PM / Agile / Delivery"
"AgilePM"	"PM / Agile / Delivery"
"APM"	"PM / Agile / Delivery"
"BPMN"	"PM / Agile / Delivery"
"Camunda BPM"	"PM / Agile / Delivery"
"Confluence"	"PM / Agile / Delivery"
"Microsoft Project"	"PM / Agile / Delivery"
"MS Project"	"PM / Agile / Delivery"
"PMP"	"PM / Agile / Delivery"
"Project Management"	"PM / Agile / Delivery"
"Agile (Scrum i SAFe"	"PM / Agile / Delivery"
"Agile Methodology"	"PM / Agile / Delivery"
"Agile/Scrum"	"PM / Agile / Delivery"
"Agilê PM"	"PM / Agile / Delivery"
"Android Open Source Project"	"PM / Agile / Delivery"
"Atlassian Confluence"	"PM / Agile / Delivery"
"Atlassian JIRA"	"PM / Agile / Delivery"
"Bizagi BPM Modeler"	"PM / Agile / Delivery"
"BPM"	"PM / Agile / Delivery"
"BPMS"	"PM / Agile / Delivery"
"Camunda BPM 7"	"PM / Agile / Delivery"
"CSPM"	"PM / Agile / Delivery"
"data recovery development"	"PM / Agile / Delivery"
"Jira / Confluence"	"PM / Agile / Delivery"
"Jira Confluence"	"PM / Agile / Delivery"
"Jira i Confluence"	"PM / Agile / Delivery"
"Jira i Figma"	"PM / Agile / Delivery"
"Jira Service Management"	"PM / Agile / Delivery"
"Jira Services"	"PM / Agile / Delivery"
"Jira Software"	"PM / Agile / Delivery"
"Jira Tempo Planning"	"PM / Agile / Delivery"
"mpmX"	"PM / Agile / Delivery"
"MS Microsoft Project"	"PM / Agile / Delivery"
"narzêdzia klasy CSPM"	"PM / Agile / Delivery"
"Pega Development"	"PM / Agile / Delivery"
"PMG"	"PM / Agile / Delivery"
"PMI (PMBOK"	"PM / Agile / Delivery"
"PMI/PMBOK"	"PM / Agile / Delivery"
"PPM"	"PM / Agile / Delivery"
"Product Information Management System (PIM"	"PM / Agile / Delivery"
"Product Ownership"	"PM / Agile / Delivery"
"Product vision"	"PM / Agile / Delivery"
"Production Planning"	"PM / Agile / Delivery"
"Project Management Professional"	"PM / Agile / Delivery"
"Risk Management Confluence"	"PM / Agile / Delivery"
"SAP PM"	"PM / Agile / Delivery"
"Scrum / Agile frameworks"	"PM / Agile / Delivery"
"Secure Software Development"	"PM / Agile / Delivery"
"TPM Platforms"	"PM / Agile / Delivery"
"UPM"	"PM / Agile / Delivery"
"znajomoæ BPMN"	"PM / Agile / Delivery"
"JMeter"	"QA / Automation"
"JUnit"	"QA / Automation"
"PyTest"	"QA / Automation"
"Postman"	"QA / Automation"
"TestLink"	"QA / Automation"
"Apache JMeter"	"QA / Automation"
"Cypress"	"QA / Automation"
"Jest"	"QA / Automation"
"JUnit 5"	"QA / Automation"
"qTest"	"QA / Automation"
"Selenium"	"QA / Automation"
"Selenium IDE"	"QA / Automation"
"TestNG"	"QA / Automation"
"Unit Testing"	"QA / Automation"
"Vitest"	"QA / Automation"
"AFT (Automated Test Framework)??"	"QA / Automation"
"Allure TestOps"	"QA / Automation"
"Automated tests"	"QA / Automation"
"Automatyzacja testów (testy jednostkowe"	"QA / Automation"
"CypressJS"	"QA / Automation"
"DATA TESTING"	"QA / Automation"
"Firebase Test Lab"	"QA / Automation"
"FlatSat testbeds"	"QA / Automation"
"integration testing"	"QA / Automation"
"IRA Test Manager"	"QA / Automation"
"Jasmine/jest/Karma"	"QA / Automation"
"jest samodzielna i dobrze organizuje pracê w³asn¹ i innych"	"QA / Automation"
"Kotest"	"QA / Automation"
"Manual testing"	"QA / Automation"
"Mobile testing"	"QA / Automation"
"MSTest"	"QA / Automation"
"Pega Testing"	"QA / Automation"
"Performance testing tools"	"QA / Automation"
"Performance Tests"	"QA / Automation"
"Postman Professional"	"QA / Automation"
"QA"	"QA / Automation"
"Qase"	"QA / Automation"
"QF-Test"	"QA / Automation"
"Selenium WebDriver"	"QA / Automation"
"Software Testing"	"QA / Automation"
"Test Automation"	"QA / Automation"
"TestComplete"	"QA / Automation"
"TestFlo"	"QA / Automation"
"Testing"	"QA / Automation"
"testowanie manualne"	"QA / Automation"
"testy penetracyjne"	"QA / Automation"
"Tworzenie strategii testu"	"QA / Automation"
"unit tests"	"QA / Automation"
"Usprawnienia procesu testu bazuj¹c na danych z systemu Quality Line"	"QA / Automation"
"Wybór i adaptacja rozwi¹zañ testowych"	"QA / Automation"
"XCTest"	"QA / Automation"
"XCUITest"	"QA / Automation"
"Security"	"Security"
"CYBERSECURITY"	"Security"
"Espresso"	"Security"
"IAM"	"Security"
"JWT"	"Security"
"OAuth"	"Security"
"OAuth2"	"Security"
"OWASP"	"Security"
"OWASP ZAP"	"Security"
"SSO"	"Security"
"Application Security"	"Security"
"Backup&Disaster Recovery"	"Security"
"Citrix security analytics"	"Security"
"Cloud Security"	"Security"
"Copilot for Security"	"Security"
"dobrze organizuje pracê i potrafi pracowaæ z wieloma zadaniami naraz"	"Security"
"Dowiadczenie z migracj¹ danych lub wdro¿eniami nowych funkcjonalnoci ERP"	"Security"
"IAM / RBAC"	"Security"
"M365 Security & Compliance"	"Security"
"Microsoft Security Stack"	"Security"
"Network Security"	"Security"
"OAuth2/JWT"	"Security"
"OT Security"	"Security"
"OWASP Dependency-Check"	"Security"
"SAST"	"Security"
"Security Automation"	"Security"
"Security certifications such as CISM"	"Security"
"Vision Transformers (ViT) / Siamese Networks / Metric Learning"	"Security"
"Zagadnienia Cyber Security"	"Security"
